,AAFA,AFB,AINDI,AMIND,CARB,CARHIS,EURCAU,FILII,JAPI,KORI,MENAFC,MSWHIS,NCHI,SCAHIS,SCSEAI,VIET
B*07:02,0.07294,0.06887,0.04398,0.10054,0.07294,0.05681,0.13061,0.00994,0.05882,0.03445,0.05652,0.05741,0.0079,0.05836,0.03335,0.01703
B*07:03,0.0,2e-05,0.0,0.0,0.0,4e-05,2e-05,0.0,0.0,0.0,0.0,0.0,0.0,3e-05,0.0,0.0
B*07:04,1e-05,0.0,0.0,0.00013,2e-05,3e-05,0.00029,0.0,2e-05,0.0,7e-05,4e-05,1e-05,2e-05,0.0,0.0
B*07:05,0.00815,0.01,0.02501,0.00213,0.00728,0.00529,0.00297,0.02463,0.00071,0.0066,0.00994,0.00487,0.00832,0.00522,0.0217,0.07981
B*07:07,2e-05,0.0,0.0,0.0,2e-05,0.0,3e-05,2e-05,0.0,0.0,0.00015,2e-05,0.0,3e-05,0.0,0.0
B*07:08,0.0,0.0,0.0,0.0,0.0,0.0,0.0,0.0,0.0,0.0,0.0,0.0,0.0,0.0,0.0,0.0
B*07:09,0.0003,0.00033,0.0,0.0,0.0003,0.00028,6e-05,0.0,0.0,0.0,6e-05,1e-05,0.0,0.0001,0.0,0.0
B*07:10,2e-05,2e-05,0.0,0.0,5e-05,0.0,6e-05,1e-05,2e-05,0.0,0.00023,2e-05,0.0,1e-05,0.0,0.0
B*07:102,0.0,0.0,0.0,0.0,0.0,0.0,0.0,0.0,0.0,0.0,0.0,0.0,0.0,0.0,0.0,0.0
B*07:103,0.0,0.0,0.0,0.0,0.0,0.0,0.0,0.0,0.0,0.0,0.0,0.0,0.0,0.0,0.0,0.0
B*07:107,0.0,0.0,1e-05,0.0,0.0,0.0,0.0,0.0,0.0,0.0,0.0,0.0,0.0,0.0,0.0,0.0
B*07:111,0.0,0.0,0.0,0.0,0.0,0.0,0.0,0.0,0.0,1e-05,0.0,0.0,0.0,0.0,0.0,0.0
B*07:112,0.0,0.0,0.0,0.0,0.0,0.0,0.0,0.0,0.0,0.0,0.0,0.0,0.0,0.0,0.0,1e-05
B*07:113,0.0,0.0,0.0,0.0,0.0,0.0,0.0,0.0,0.0,1e-05,0.0,0.0,0.0,0.0,0.0,0.0
B*07:114,0.0,0.0,0.0,0.0,0.0,0.0,0.0,2e-05,0.0,0.0,0.0,0.0,0.0,0.0,0.0,0.0
B*07:115,0.0,0.0,2e-05,0.0,0.0,0.0,0.0,0.0,0.0,0.0,1e-05,0.0,0.0,0.0,0.0,0.0
B*07:116,0.0,0.0,0.0,0.00011,0.0,0.0,0.0,0.0,0.0,0.0,0.0,3e-05,0.0,0.0,0.0,0.0
B*07:117,0.0,0.0,0.0,0.0,0.0,0.0,0.0,0.0,0.0,1e-05,0.0,0.0,0.0,0.0,0.0,0.0
B*07:118,0.0,0.0,0.0,0.0,0.0,0.0,0.0,0.0,0.0,0.0,0.0,0.0,0.0,0.0,0.0,0.0
B*07:12,3e-05,2e-05,0.0,0.0,0.0,0.0,0.0,0.0,0.0,0.0,0.0,0.0,0.0,0.0,0.0,0.0
B*07:122,0.0,1e-05,0.0,0.0,0.0,0.0,0.0,0.0,0.0,0.0,0.0,0.0,0.0,0.0,0.0,0.0
B*07:124,0.0,0.0,0.0,0.0,0.0,0.0,0.0,0.0,0.0,0.0,0.0,0.0,0.0,0.0,0.0,0.0
B*07:13,1e-05,0.0,0.0,0.0,2e-05,0.0,0.0,0.0,0.0,0.0,0.0,0.0,0.0,0.0,0.0,0.0
B*07:14,1e-05,0.0,0.0,0.0,0.0,6e-05,3e-05,0.0,0.0,0.0,4e-05,0.00021,1e-05,9e-05,0.0,0.0
B*07:15,0.0,0.0,0.0,1e-05,0.0,0.0,1e-05,0.0,0.0,0.0,0.0,0.0,0.0,0.0,0.0,0.0
B*07:16,0.0,0.0,0.0,1e-05,0.0,0.0,0.0,0.0,0.0,0.0,1e-05,0.0,0.0,0.0,0.0,0.0
B*07:17,0.0,0.0,0.0,0.0,0.0,0.0,0.0,0.0,0.0,0.0,0.0,0.0,0.0,0.0,0.0,0.0
B*07:18,0.0,0.0,5e-05,0.0,0.0,0.0,0.0,0.0,0.0,0.0,0.0,1e-05,0.0,0.0,5e-05,0.0
B*07:19,0.0,0.0,0.0,0.0,0.0,0.0,0.0,0.0,0.0,0.0,0.0,0.0,0.0,0.0,0.0,0.0
B*07:20,0.0,0.0,0.0,0.0,0.0,2e-05,0.0,0.0,0.0,0.0,1e-05,1e-05,0.0,0.0001,0.0,0.0
B*07:21,0.0,0.0,0.0,0.0,0.0,0.0,0.0,0.0,0.0,0.0,0.0,0.0,0.0,0.0,0.0,0.0
B*07:22,0.0,0.0,0.0,0.0,0.0,0.0,1e-05,0.0,0.0,0.0,0.0,0.0,0.0,0.0,0.0,0.0
B*07:23,0.0,0.0,0.0,1e-05,0.0,0.0,0.0,0.0,0.0,0.0,0.0,0.0,0.0,0.0,0.0,0.0
B*07:24,0.0,0.0,0.0,0.0,0.0,0.0,0.0,0.0,0.0,0.0,0.0,0.0,0.0,0.0,0.0,0.0
B*07:26,0.0,0.0,0.0,0.0,0.0,0.0,0.0,1e-05,0.0,0.0,1e-05,0.0,0.0,2e-05,0.0,0.0
B*07:28,0.0,2e-05,0.0,0.0,0.0,0.0,0.0,0.0,0.0,0.0,0.0,0.0,0.0,0.0,0.0,0.0
B*07:29,0.0,0.0,0.0,0.0,0.0,0.0,0.0,0.0,0.0,0.0,0.0,0.0,0.0,0.0,0.0,0.0
B*07:30,0.0,0.0,0.0,0.0,0.0,0.0,0.0,0.0,0.0,0.0,0.0,0.0,0.0,0.0,0.0,0.0
B*07:31,0.0,0.0,0.0,0.0,0.0,0.0,0.0,0.0,0.0,0.0,0.0,0.0,0.0,0.0,0.0,0.0
B*07:33,0.0,1e-05,0.0,0.0,0.0,0.0,0.0,0.0,0.0,0.0,0.0,0.0,0.0,0.0,0.0,0.0
B*07:35,0.0,0.0,0.0,0.0,0.0,0.0,0.0,0.0,0.0,0.0,1e-05,0.0,0.0,0.0,0.0,0.0
B*07:36,0.0,0.0,1e-05,0.0,0.0,0.0,0.0,0.0,0.0,0.0,0.0,0.0,0.0,0.0,0.0,0.0
B*07:37,0.0,0.0,0.0,0.0,0.0,0.0,1e-05,0.0,0.0,0.0,0.0,0.0,0.0,0.0,0.0,0.0
B*07:38,0.0,0.0,0.0,0.0,0.0,0.0,0.0,0.0,0.0,0.0,0.0,0.0,0.0,0.0,0.0,0.0
B*07:40,0.0,0.0,0.0,0.0,0.0,0.0,0.0,0.0,0.0,0.0,2e-05,0.0,0.0,0.0,0.0,0.0
B*07:42,0.0,0.0,0.0,0.0,0.0,0.0,1e-05,0.0,0.0,0.0,1e-05,0.0,0.0,0.0,0.0,0.0
B*07:43,0.0,0.0,0.0,0.0,0.0,0.0,0.0,0.0,0.0,2e-05,0.0,0.0,0.0,0.0,0.0,0.0
B*07:46,0.0,0.0,0.0,0.0,0.0,0.0,0.0,0.0,0.0,0.0,0.0,0.0,0.0,0.0,0.0,0.0
B*07:47,0.0,0.0,0.0,0.0,0.0,0.0,0.0,0.0,0.0,0.0,0.0,0.0,0.0,0.0,0.0,0.0
B*07:48,0.0,0.0,0.0,0.0,0.0,0.0,0.0,0.0,0.0,0.0,1e-05,0.0,0.0,0.0,0.0,0.0
B*07:51,0.0,0.0,0.0,0.0,0.0,0.0,0.0,0.0,0.0,0.0,0.0,1e-05,0.0,0.0,0.0,0.0
B*07:53,0.0,0.0,0.0,0.0,0.0,0.0,0.0,0.0,0.0,0.0,0.0,0.0,0.0,0.0,0.0,0.0
B*07:54,0.0,0.0,1e-05,0.0,0.0,0.0,0.0,0.0,0.0,0.0,0.0,0.0,0.0,0.0,0.0,0.0
B*07:55,0.0,0.0,0.0,0.0,0.0,0.0,0.0,0.0,0.0,0.0,0.0,0.0,0.0,0.0,0.0,0.0
B*07:57,0.0,0.0,0.0,0.0,0.0,0.0,0.0,0.0,0.0,0.0,0.0,0.0,0.0,0.0,0.0,0.0
B*07:64,0.0,0.0,0.0,0.0,0.0,0.0,0.0,0.0,0.0,0.0,0.0,0.0,0.0,0.0,0.0,0.0
B*07:66,0.0,0.0,0.0,0.0,0.0,0.0,0.0,0.0,0.0,0.0,0.0,0.0,0.0,0.0,0.0,0.0
B*07:70,0.0,0.0,0.0,0.0,0.0,0.0,0.0,0.0,0.0,0.0,0.0,0.0,0.0,0.0,0.0,0.0
B*07:71,0.0,0.0,0.0,0.0,0.0,0.0,0.0,0.0,0.0,0.0,0.0,0.0,0.0,0.0,0.0,0.0
B*07:72,0.0,0.0,0.0,0.0,0.0,0.0,0.0,0.0,0.0,0.0,0.0,0.0,0.0,0.0,0.0,0.0
B*07:75,0.0,0.0,0.0,0.0,0.0,0.0,0.0,0.0,0.0,0.0,0.0,0.0,0.0,0.0,0.0,0.0
B*07:80,0.0,0.0,0.0,0.0,0.0,0.0,0.0,0.0,0.0,0.0,0.0,0.0,0.0,0.0,4e-05,0.0
B*07:81,0.0,0.0,0.0,0.0,0.0,0.0,0.0,0.0,0.0,0.0,0.0,0.0,0.0,0.0,0.0,0.0
B*07:86,0.0,0.0,0.0,1e-05,0.0,0.0,0.0,0.0,0.0,0.0,0.0,0.0,0.0,0.0,0.0,0.0
B*07:91,0.0,0.0,0.0,0.0,0.0,0.0,0.0,0.0,0.0,0.0,0.0,0.0,0.0,0.0,0.0,0.0
B*07:92,0.0,0.0,0.0,0.0,0.0,0.0,0.0,0.0,0.0,0.0,0.0,0.0,0.0,0.0,0.0,0.0
B*07:95,0.0,0.0,0.0,0.0,0.0,0.0,0.0,0.0,0.0,0.0,0.0,0.0,0.0,0.0,0.0,0.0
B*07:96,0.0,0.0,0.0,0.0,0.0,0.0,0.0,0.0,0.0,0.0,0.0,0.0,0.0,0.0,0.0,0.0
B*08:01,0.03761,0.03199,0.03663,0.08223,0.02862,0.04142,0.11436,0.0062,0.00513,0.00477,0.05358,0.0422,0.00463,0.03904,0.03205,0.00478
B*08:02,0.0,2e-05,0.0,0.0,0.0,0.0,0.0,1e-05,0.0,0.0,0.0,0.0,0.0,0.0,0.0,0.0
B*08:03,0.0,0.0,0.0,0.0,0.0,0.0,0.0,0.0,0.0,0.0,1e-05,0.0,0.0,0.0,0.0,0.0
B*08:04,0.0,0.0,0.0,3e-05,0.0,0.0,1e-05,0.0,0.0,0.0,0.0,0.0,0.0,0.0,0.0,0.0
B*08:05,0.0,0.0,0.0,0.0,0.0,0.0,0.0,0.0,0.0,0.0,0.0,0.0,0.0,0.0,0.0,0.0
B*08:07,0.0,2e-05,0.0,0.0,0.0,0.0,0.0,0.0,0.0,0.0,1e-05,0.0,0.0,0.0,0.0,0.0
B*08:09,2e-05,0.0,0.0,0.00013,0.0,0.0,8e-05,0.0,0.0,0.0,0.0,1e-05,0.0,0.0,0.0,0.0
B*08:10,0.0,0.0,0.0,1e-05,0.0,0.0,0.0,0.0,0.0,0.0,0.0,0.0,0.0,0.0,0.0,0.0
B*08:11,0.0,0.0,0.0,0.0,0.0,0.0,0.0,0.0,0.0,0.0,0.0,0.0,0.0,0.0,0.0,0.0
B*08:12,0.0002,0.00016,0.0,0.0,0.00034,2e-05,1e-05,0.0,0.0,0.0,0.0,0.0,0.0,0.0,1e-05,0.0
B*08:13,0.0,0.0,0.0,6e-05,0.0,0.0,2e-05,0.0,0.0,0.0,1e-05,0.0,0.0,0.0,0.0,0.0
B*08:14,0.0,0.0,0.0,1e-05,0.0,0.0,0.0,0.0,0.0,0.0,0.0,0.0,0.0,0.0,0.0,0.0
B*08:15,0.0,0.0,0.0,0.0,0.0,0.0,0.0,0.0,0.0,0.0,0.0,0.0,0.0,0.0,0.0,0.0
B*08:16,0.0,2e-05,0.0,0.0,0.0,0.0,0.0,0.0,0.0,0.0,0.0,0.0,0.0,0.0,1e-05,0.0
B*08:18,0.0,0.0,0.0,1e-05,0.0,0.0,1e-05,1e-05,0.0,0.0,0.0,0.0,0.0,0.0,0.0,0.0
B*08:20,0.0,0.0,0.0,1e-05,0.0,0.0,1e-05,0.0,0.0,0.0,0.0,0.0,0.0,0.0,0.0,0.0
B*08:21,0.0,0.0,0.0,0.0,0.0,0.0,0.0,0.0,0.0,0.0,0.0,0.0,0.0,0.0,0.0,0.0
B*08:22,0.0,0.0,0.0,0.0,0.0,0.0,0.0,0.0,0.0,0.0,1e-05,0.0,0.0,0.0,0.0,0.0
B*08:23,1e-05,0.0,0.0,0.0,0.0,0.0,0.0,0.0,0.0,0.0,0.0,0.0,0.0,0.0,0.0,0.0
B*08:24,0.0,0.0,0.0,0.0,0.0,0.0,0.0,0.0,0.0,0.0,0.0,0.0,0.0,0.0,0.0,0.0
B*08:25,0.0,0.0,0.0,0.0,0.0,0.0,0.0,0.0,0.0,0.0,0.0,0.0,0.0,0.0,0.0,0.0
B*08:26,0.0,0.0,0.0,0.0,0.0,0.0,0.0,0.0,0.0,0.0,0.0,0.0,0.0,0.0,0.0,0.0
B*08:27,0.0,0.0,0.0,0.0,0.0,0.0,0.0,0.0,0.0,0.0,0.0,0.0,0.0,0.0,0.0,0.0
B*08:28,0.0,0.0,0.0,1e-05,0.0,0.0,0.0,0.0,0.0,0.0,0.0,0.0,0.0,0.0,0.0,0.0
B*08:31,0.0,0.0,0.0,0.0,0.0,0.0,0.0,0.0,0.0,0.0,0.0,0.0,0.0,0.0,0.0,0.0
B*08:33,0.0,0.0,0.0,0.0,0.0,0.0,0.0,0.0,0.0,0.0,0.0,0.0,0.0,1e-05,0.0,0.0
B*08:34,0.0,0.0,0.0,0.0,0.0,0.0,0.0,0.0,0.0,0.0,0.0,0.0,0.0,0.0,0.0,0.0
B*08:35,0.0,0.0,0.0,0.0,0.0,0.0,0.0,0.0,0.0,0.0,0.0,0.0,0.0,0.0,0.0,0.0
B*08:36,0.0,0.0,0.0,0.0,0.0,0.0,0.0,0.0,0.0,0.0,0.0,0.0,0.0,0.0,0.0,0.0
B*08:37,0.0,0.0,0.0,0.0,0.0,0.0,0.0,0.0,0.0,0.0,1e-05,0.0,0.0,0.0,0.0,0.0
B*08:38,0.0,0.0,0.0,1e-05,0.0,0.0,0.0,0.0,0.0,0.0,0.0,0.0,0.0,0.0,0.0,0.0
B*08:41,0.0,0.0,0.0,0.0,0.0,0.0,0.0,0.0,0.0,0.0,0.0,0.0,0.0,0.0,0.0,0.0
B*08:42,0.0,0.0,0.0,0.0,0.0,0.0,0.0,0.0,0.0,0.0,0.0,0.0,0.0,0.0,0.0,0.0
B*08:46,0.0,0.0,0.0,0.0,0.0,0.0,0.0,0.0,0.0,0.0,0.0,0.0,0.0,0.0,0.0,0.0
B*08:50,0.0,0.0,0.0,0.0,0.0,0.0,0.0,0.0,0.0,0.0,0.0,0.0,0.0,0.0,0.0,0.0
B*08:52,0.0,0.0,0.0,0.0,0.0,0.0,0.0,0.0,0.0,0.0,0.0,0.0,0.0,0.0,0.0,0.0
B*08:53,0.0,0.0,1e-05,0.0,0.0,0.0,0.0,0.0,0.0,0.0,0.0,0.0,0.0,0.0,0.0,0.0
B*08:55,0.0,0.0,0.0,0.0,0.0,0.0,0.0,0.0,0.0,0.0,0.0,0.0,0.0,0.0,0.0,0.0
B*08:56,0.0,0.0,0.0,0.0,0.0,0.0,0.0,0.0,0.0,0.0,0.0,0.0,0.0,0.0,0.0,0.0
B*08:62,0.0,0.0,0.0,0.0,0.0,0.0,0.0,0.0,0.0,0.0,0.0,0.0,0.0,0.0,0.0,0.0
B*08:66,0.0,0.0,0.0,0.0,0.0,0.0,0.0,0.0,0.0,0.0,0.0,0.0,0.0,0.0,0.0,0.0
B*08:68,0.0,0.0,0.0,0.0,2e-05,0.0,0.0,0.0,0.0,0.0,0.0,0.0,0.0,0.0,0.0,0.0
B*13:01,0.0001,0.00012,0.01357,0.0002,0.00063,0.00012,0.0001,0.02801,0.01107,0.02162,0.0005,0.00011,0.06345,0.00018,0.02795,0.03941
B*13:02,0.00782,0.01231,0.01844,0.01636,0.00797,0.00881,0.02388,0.00481,0.0037,0.03209,0.0319,0.01376,0.02913,0.01275,0.01814,0.00768
B*13:03,3e-05,0.00014,0.0,0.0,2e-05,0.0,0.0,0.0,0.0,1e-05,0.0,0.0,0.0,0.0,0.0,0.0
B*13:04,0.0,0.0,0.0,0.0,0.0,0.0,0.0,0.0,0.0,0.0,0.0,0.0,0.0,0.0,0.0,0.0
B*13:06,0.0,0.0,0.0,0.0,0.0,0.0,0.0,0.0,0.0,0.0,0.0,0.0,5e-05,0.0,0.0,0.0
B*13:08,0.0,0.0,0.0,0.0,0.0,0.0,0.0,0.0,0.0,0.0,0.0,0.0,0.0,0.0,0.0,0.0
B*13:09,0.0,0.0,0.0,0.0,0.0,0.0,0.0,0.0,0.0,0.0,0.0,0.0,0.0,0.0,0.0,0.0
B*13:10,0.0,0.0,0.0,0.0,0.0,0.0,0.0,0.0,0.0,0.0,0.0,0.0,0.0,0.0,0.0,0.0
B*13:11,0.0,0.0,0.0,0.0,0.0,0.0,0.0,0.0,0.0,1e-05,0.0,0.0,0.0,0.0,0.0,0.0
B*13:12,0.0,0.0,0.0,0.0,0.0,0.0,0.0,0.0002,0.0,0.0,0.0,0.0,0.0,0.0,0.0,0.0
B*13:16,0.0,0.0,0.0,0.0,0.0,0.0,0.0,0.0,0.0,0.0,0.0,0.0,0.0,0.0,0.0,0.0
B*13:19,0.0,0.0,0.0,0.0,0.0,0.0,0.0,0.0,0.0,0.0,0.0,0.0,0.0,0.0,0.0,0.0
B*13:20,0.0,0.0,0.0,0.0,0.0,0.0,0.0,0.0,0.0,0.0,0.0,0.0,1e-05,0.0,0.0,0.0
B*13:21,0.0,0.0,0.0,0.0,0.0,0.0,0.0,0.0,0.0,0.0,0.0,0.0,1e-05,0.0,0.0,0.0
B*13:32,0.0,0.0,0.0,0.0,0.0,0.0,0.0,0.0,0.0,0.0,0.0,0.0,0.0,0.0,0.0,0.0
B*13:33,0.0,0.0,0.0,0.0,0.0,0.0,0.0,0.0,0.0,0.0,0.0,0.0,0.0,0.0,0.0,0.0
B*13:34,0.0,0.0,0.0,0.0,0.0,0.0,0.0,0.0,0.0,0.0,0.0,0.0,0.0,0.0,0.0,0.0
B*14:01,0.00792,0.00743,0.00019,0.00785,0.00623,0.00669,0.01018,0.00101,0.00066,0.01215,0.00491,0.00874,0.00023,0.00893,0.00038,0.00017
B*14:02,0.02161,0.02187,0.00172,0.02042,0.0212,0.03898,0.02861,0.00287,0.00121,0.00023,0.03608,0.04284,0.00096,0.04408,0.00259,0.00037
B*14:03,0.00222,0.00239,0.0,0.00014,0.00278,0.0005,1e-05,0.0,0.0,0.0,0.0001,0.00012,0.0,0.00028,2e-05,0.0
B*14:04,0.0,0.0,0.0,0.0,0.0,0.0,0.0,0.0,0.0,0.0,0.0,1e-05,0.0,0.0,0.0,0.0
B*14:05,0.00022,0.00023,0.0,0.0,0.00015,1e-05,0.0,0.0,0.0,0.0,1e-05,0.0,0.0,1e-05,0.0,0.0
B*14:06,0.0,0.0,0.0,3e-05,0.0,1e-05,2e-05,0.0,0.0,0.0,2e-05,2e-05,0.0,0.0,0.0,0.0
B*14:08,0.0,0.0,0.0,0.0,0.0,0.0,0.0,0.0,0.0,0.0,0.0,0.0,0.0,0.0,0.0,0.0
B*14:09,1e-05,4e-05,0.0,0.0,2e-05,0.0,0.0,0.0,0.0,0.0,0.0,0.0,0.0,0.0,0.0,0.0
B*14:12,0.0,2e-05,0.0,0.0,0.0,0.0,0.0,0.0,0.0,0.0,0.0,0.0,0.0,0.0,0.0,0.0
B*14:21,0.0,0.0,0.0,0.0,0.0,0.0,0.0,0.0,0.0,0.0,0.0,0.0,0.0,0.0,0.0,0.0
B*15:01,0.01076,0.00662,0.01612,0.06161,0.00901,0.02342,0.06063,0.01316,0.07691,0.08392,0.02329,0.03064,0.02997,0.02715,0.01607,0.01076
B*15:02,0.00031,0.0004,0.02556,0.00024,0.00086,0.00017,4e-05,0.04212,0.00055,0.00342,0.00044,0.0003,0.06466,0.00029,0.04034,0.13827
B*15:03,0.06399,0.06301,0.00023,0.00315,0.05551,0.01998,0.00137,0.00044,0.00014,5e-05,0.00505,0.01009,0.0007,0.01289,0.00032,0.0002
B*15:04,3e-05,2e-05,5e-05,1e-05,0.00012,0.00104,1e-05,5e-05,0.0,0.0,1e-05,0.00024,0.0,0.00389,4e-05,0.0
B*15:05,1e-05,0.0,0.00448,7e-05,0.00021,3e-05,0.0,7e-05,2e-05,1e-05,6e-05,2e-05,0.00039,0.00036,0.0033,0.00014
B*15:06,0.0,0.0,1e-05,0.0,0.0,0.0,0.0,0.002,1e-05,1e-05,1e-05,1e-05,5e-05,2e-05,0.00013,2e-05
B*15:07,0.00014,9e-05,5e-05,0.00686,0.00015,0.00037,0.00064,0.00013,0.00468,0.01052,0.00027,0.00025,0.0016,0.00041,0.00056,9e-05
B*15:08,4e-05,2e-05,0.00391,0.00028,0.00015,0.00057,0.00011,0.00022,0.0002,5e-05,0.00101,7e-05,0.00011,0.00048,0.00297,9e-05
B*15:09,6e-05,0.00011,0.00018,0.00014,8e-05,0.00082,0.00022,0.0,2e-05,0.0,0.00107,0.0006,1e-05,0.00067,0.00027,1e-05
B*15:10,0.0346,0.03605,0.0002,0.00128,0.03775,0.01054,0.00038,0.00023,0.00018,0.0001,0.0011,0.00242,0.00013,0.00551,0.0002,0.00164
B*15:105,0.0,0.0,0.0,0.0,0.0,0.0,0.0,0.0,0.0,0.0,0.0,0.0,0.0,0.0,0.0,0.0
B*15:106,0.0,0.0,0.0,0.0,0.0,0.0,0.0,0.0,0.0,0.0,0.0,0.0,0.0,0.0,0.0,0.0
B*15:107,0.0,0.0,0.0,0.0,2e-05,0.0,0.0,0.0,0.0,0.0,0.0,0.0,0.0,0.0,0.0,0.0
B*15:108,0.0,0.0,0.0,0.0,0.0,0.0,0.0,0.0,0.0,0.0,1e-05,0.0,0.0,0.0,0.0,0.0
B*15:109,0.0,0.0,0.0,0.0,0.0,0.0,0.0,1e-05,0.0,0.0,0.0,0.0,1e-05,0.0,0.0,0.0
B*15:11,1e-05,1e-05,6e-05,0.0,1e-05,1e-05,1e-05,0.00121,0.00833,0.01838,5e-05,5e-05,0.00911,2e-05,0.00112,0.00455
B*15:110,0.0,0.0,0.0,0.0,0.0,0.0,0.0,0.0,0.0,0.0,0.0,0.0,0.0,2e-05,0.0,0.0
B*15:111,0.0,0.0,0.0,0.0,0.0,0.0,0.0,0.0,1e-05,0.0,0.0,0.0,0.0,0.0,0.0,0.0
B*15:113,0.0,0.0,2e-05,0.0,2e-05,0.0,0.0,0.0,0.0,0.0,0.0,0.0,0.0,0.0,4e-05,0.0
B*15:114,0.0,0.0,0.0,0.0,8e-05,0.0,0.0,0.0,0.0,0.0,0.0,0.0,0.0,2e-05,0.0,0.0
B*15:123,0.0,2e-05,0.0,0.0,0.0,1e-05,0.0,0.0,0.0,0.0,6e-05,0.0,0.0,1e-05,0.0,0.0
B*15:125,0.0,0.0,0.0,0.0,0.0,0.0,0.0,0.0,0.0,0.0,0.0,0.0,0.0,0.0,0.0,0.0
B*15:126,0.0,0.0,0.0,0.0,0.0,0.0,0.0,0.0,1e-05,0.0,0.0,0.0,0.0,0.0,0.0,0.0
B*15:128,0.0,0.0,0.0,0.0,0.0,0.0,0.0,0.0,0.0,0.0,0.0,0.0,0.0,0.0,0.0,0.0
B*15:12,0.0,0.0,8e-05,0.0,0.0,0.0,0.0,0.00018,4e-05,0.0,0.0,1e-05,0.00279,1e-05,0.00094,0.0207
B*15:13,0.00027,0.00028,0.00017,0.0,0.0,3e-05,0.0,0.0227,0.00014,3e-05,2e-05,4e-05,0.00058,0.0,0.00439,0.00234
B*15:131,0.0,0.0,0.0,0.0,0.0,0.0,0.0,0.0,0.0,0.0,0.0,0.0,0.0,0.0,0.0,0.0
B*15:132,0.0,0.0,0.0,0.0,0.0,0.0,2e-05,0.0,0.0,0.0,0.0,0.0,0.0,0.0,0.0,0.0
B*15:133,0.0,0.0,0.0,0.0,0.0,0.0,0.0,0.0,0.0,0.0,0.0,0.0,0.0,0.0,0.0,0.0
B*15:134,0.0,0.0,0.0,0.0,0.0,0.0,0.0,0.0,0.0,0.0,0.0,0.0,0.0,0.0,0.0,0.0
B*15:135,0.0,0.0,0.0,0.0,0.0,0.0,0.0,0.0,0.0,0.0,0.0,0.0,0.0,0.0,0.0,0.0
B*15:136,0.0,0.0,0.0,0.0,0.0,0.0,0.0,0.0,0.0,0.0,0.0,0.0,0.0,0.0,0.0,0.0
B*15:137,0.0,0.0,0.0,0.0,0.0,0.0,0.0,0.0,0.0,0.0,0.0,0.0,0.0,0.0,0.0,0.0
B*15:138,0.0,0.0,0.0,3e-05,0.00012,0.0,0.0,0.0,0.0,0.0,0.0,0.0,0.0,0.0,0.0,0.0
B*15:139,0.0,0.0,0.0,0.0,0.0,0.0,0.0,0.0,0.0,0.0,0.0,0.0,0.0,0.0,0.0,0.0
B*15:14,0.0,0.0,0.0,0.0,0.0,0.0,0.0,0.0,0.0,0.0,0.0,0.0,0.0,0.0,0.0,0.0
B*15:141,0.0,0.0,0.0,0.0,0.0,0.0,0.0,9e-05,0.0,0.0,0.0,0.0,0.0,0.0,0.0,0.0
B*15:143,0.0,0.0,0.0,0.0,0.0,0.0,0.0,0.0,0.0,0.0,0.0,0.0,1e-05,0.0,0.0,0.0
B*15:145,0.0,0.0,0.0,0.0,0.0,0.0,0.0,0.0,0.0,0.0,0.0,0.0,0.0,0.0,0.0,0.0
B*15:147,0.0,0.0,0.0,0.0,0.0,0.0,0.0,0.0,0.0,0.0,0.0,0.0,0.0,0.0,0.0,0.0
B*15:15,0.0,7e-05,0.0,6e-05,3e-05,0.00082,1e-05,2e-05,8e-05,0.0001,0.0,0.01062,2e-05,0.00426,0.0,0.0
B*15:150,0.0,0.0,2e-05,0.00053,0.0,0.0,5e-05,0.0,0.0,0.0,0.0,0.0,3e-05,0.0,0.0,0.0
B*15:153,0.0,0.0,0.0,0.0,0.0,0.0,0.0,0.0,0.0,0.0,0.0,0.0,0.0,0.0,2e-05,0.0
B*15:154,0.0,0.0,0.0,0.0,0.0,0.0,0.0,0.0,0.0,0.0,0.0,0.0,0.0,0.0,0.0,0.0
B*15:156,0.0,0.0,0.0,0.0,0.0,0.0,0.0,0.0,0.0,0.0,0.0,0.0,0.0,0.0,0.0,0.0
B*15:157,6e-05,0.0,0.0,0.0,0.0,0.0,0.0,0.0,3e-05,0.0,0.0,0.0,0.0,0.0,0.0,0.0
B*15:158,0.0,0.0,0.0,0.0,0.0,0.0,0.0,0.0,0.0,0.0,0.0,0.0,0.0,0.0,0.0,0.0
B*15:159,0.0,0.0,0.0,0.0,0.0,0.0,0.0,1e-05,0.0,0.0,0.0,0.0,0.0,0.0,0.0,0.0
B*15:16,0.01798,0.01788,3e-05,0.00088,0.02053,0.01077,0.00057,2e-05,0.0,0.0,0.00074,0.00192,2e-05,0.00305,2e-05,5e-05
B*15:162,0.0,0.0,0.0,0.0,1e-05,0.0,0.0,0.0,0.0,0.0,0.0,0.0,0.0,0.0,0.0,0.0
B*15:164,0.0,0.0,0.0,0.0,0.0,0.0,0.0,0.0,0.0,0.0,0.0,0.0,0.0,0.0,0.0,0.0
B*15:168,0.0,0.0,0.0,0.0,0.0,0.0,0.0,0.0,0.0,0.0,0.0,0.0,0.0,0.0,0.0,0.0
B*15:17,0.00451,0.00611,0.01426,0.00224,0.00499,0.00778,0.00363,0.00077,0.00016,0.00049,0.01479,0.00454,0.00078,0.00677,0.01074,0.00059
B*15:170,0.0,0.0,0.0,0.0,0.0,0.0,0.0,0.0,0.0,0.0,0.0,0.0,0.0,0.0,0.0,2e-05
B*15:175,0.0,0.0,0.0,0.0,0.0,0.0,0.0,0.0,0.0,0.0,1e-05,0.0,0.0,0.0,2e-05,0.0
B*15:178,0.0,0.0,0.0,0.0,0.0,0.0,0.0,0.0,0.0,0.0,0.0,0.0,1e-05,0.0,0.0,0.0
B*15:184,0.0,0.0,0.0,0.0,0.0,0.0,0.0,0.0,0.0,0.0,1e-05,0.0,0.0,0.0,0.0,0.0
B*15:185,0.0,0.0,0.0,0.0,0.0,0.0,0.0,0.0,0.0,0.0,0.0,0.0,0.0,0.0,0.0,0.0
B*15:188,0.0,0.0,0.0,0.0,0.0,0.0,0.0,0.0,0.0,0.0,0.0,0.0,0.0,0.0,0.0,0.0
B*15:18,0.00154,0.0012,0.01353,0.00251,0.00145,0.00716,0.00259,0.00193,0.01536,0.01346,0.00297,0.0014,0.00925,0.00213,0.01003,0.00626
B*15:191,0.0,1e-05,0.0,0.0,0.0,0.0,0.0,0.0,0.0,0.0,0.0,0.0,0.0,0.0,0.0,0.0
B*15:195,0.0,0.0,0.0,0.0,0.0,0.0,0.0,0.0,1e-05,0.0,0.0,0.0,0.0,0.0,0.0,0.0
B*15:20,0.0,2e-05,0.0,0.0,0.0,0.00021,0.0,0.0,0.0,0.0,0.0,1e-05,1e-05,0.00017,0.0,0.0
B*15:202,0.0,0.0,0.0,0.0,0.0,0.0,0.0,0.0,2e-05,0.0,0.0,0.0,0.0,0.0,0.0,0.0
B*15:209,0.0,1e-05,0.0,0.0,5e-05,0.0,0.0,0.0,0.0,0.0,0.0,0.0,0.0,0.0,0.0,0.0
B*15:21,1e-05,0.0,3e-05,0.0,0.0,1e-05,0.0,0.03246,0.00016,1e-05,1e-05,4e-05,0.00021,3e-05,0.0037,0.00117
B*15:211,0.0,0.0,0.0,0.0,0.0,0.0,0.0,0.0,0.0,0.0,0.0,0.0,0.0,0.0,0.0,0.0
B*15:212,0.0,0.0,0.0,0.0,0.0,0.0,0.0,0.0,0.0,0.0,0.0,0.0,0.0,0.0,0.0,0.0
B*15:219,0.0,1e-05,0.0,0.0,0.0,0.0,0.0,0.0,0.0,0.0,0.0,0.0,0.0,0.0,0.0,0.0
B*15:222,0.0,0.0,0.0,0.0,0.0,0.0,0.0,0.0,0.0,0.0,0.0,0.0,0.0,0.0,0.0,0.0
B*15:223,0.0,0.0,0.0,0.0,0.0,0.0,0.0,0.0,0.0,0.0,0.0,0.0,2e-05,0.0,0.0,0.0
B*15:224,0.0,0.0,0.0,0.0,0.0,0.0,0.0,0.0,0.0,0.0,0.0,0.0,0.0,0.0,0.0,0.0
B*15:23,3e-05,0.0,0.0,1e-05,2e-05,0.0001,4e-05,0.0,0.0,0.0,5e-05,1e-05,0.0,2e-05,0.0,0.0
B*15:24,2e-05,0.0,0.0,0.00018,5e-05,0.00012,0.0004,1e-05,3e-05,0.0,0.00034,0.00013,0.0,0.00019,0.0,0.0
B*15:25,0.00011,0.00012,0.00512,6e-05,0.00017,0.00042,1e-05,0.00298,0.00016,0.00042,6e-05,5e-05,0.00741,9e-05,0.00775,0.05053
B*15:26,0.0,0.0,0.0,0.0,0.0,0.0,0.0,0.0,0.0,0.0,0.0,0.0,0.0,0.0,0.0,0.0
B*15:27,0.0,0.0,2e-05,3e-05,3e-05,0.0,0.0,0.00224,0.001,0.00328,1e-05,0.0,0.01122,0.0,0.00126,0.00261
B*15:28,0.0,0.0,0.0,0.0,0.0,0.0,0.0,0.0,0.0,2e-05,0.0,1e-05,0.0,0.0,0.0,0.0
B*15:29,1e-05,0.0,0.00255,3e-05,2e-05,0.0,2e-05,2e-05,0.0,1e-05,0.00072,6e-05,0.00015,3e-05,0.00206,0.0
B*15:30,1e-05,0.0,0.0,3e-05,2e-05,0.00069,1e-05,9e-05,0.0,2e-05,4e-05,0.00591,1e-05,0.00209,4e-05,0.0
B*15:31,0.00033,0.00058,0.0,0.0,0.0006,0.00023,2e-05,0.0,0.0,0.0,0.00013,4e-05,5e-05,0.00014,0.0,0.0
B*15:32,0.0,0.0,0.0006,0.0,0.0,0.0,0.0,5e-05,0.0,3e-05,0.0,1e-05,0.00029,0.0,0.0013,7e-05
B*15:33,0.0,0.0,0.0,1e-05,0.0,1e-05,1e-05,0.0,0.0,0.0,2e-05,0.0,0.0,0.0,0.0,0.0
B*15:34,0.0,0.0,2e-05,0.0,0.0,0.0,2e-05,0.0,0.0,0.0,0.0,1e-05,0.0,0.0,4e-05,0.0
B*15:35,1e-05,0.0,5e-05,6e-05,0.0,2e-05,2e-05,0.07835,0.00014,7e-05,0.0,7e-05,0.00014,5e-05,0.00107,0.00204
B*15:37,0.00077,0.00063,0.0,1e-05,0.00064,7e-05,0.0,0.0,0.0,0.0,1e-05,2e-05,0.0,7e-05,0.0,0.0
B*15:38,0.0,0.0,8e-05,0.0,0.0,5e-05,0.0,0.0,0.00014,0.00131,0.0,1e-05,2e-05,2e-05,4e-05,0.0
B*15:39,2e-05,1e-05,3e-05,0.00013,0.0,9e-05,9e-05,3e-05,0.0,3e-05,3e-05,0.00124,4e-05,0.00074,0.0,1e-05
B*15:40,0.0,0.0,0.0,0.0,3e-05,0.00207,0.0,0.0,0.0,1e-05,0.0,6e-05,1e-05,0.00027,0.0,0.0
B*15:42,0.0,0.0,0.0,0.0,0.0,0.0,0.0,0.0,0.0,0.0,0.0,0.0,0.0,0.0,0.0,0.0
B*15:43,0.0,0.0,0.0,0.0,0.0,0.0,0.0,0.0,0.0,0.0,0.0,0.0,0.0,0.0,0.0,0.0
B*15:44,0.0,0.0,0.0,0.0,0.0,0.0,0.0,0.0002,0.0,0.0,0.0,0.0,0.0,0.0,0.0,1e-05
B*15:45,0.0,0.0,0.0,3e-05,0.0,0.0,4e-05,3e-05,1e-05,0.0,1e-05,1e-05,0.0,0.0,0.0,0.0
B*15:46,0.0,0.0,0.0,0.0,0.0,0.0,0.0,0.0,0.0,0.0,0.0,0.0,0.00016,0.0,4e-05,2e-05
B*15:47,0.00032,0.00028,0.0,3e-05,0.00024,0.00013,0.0,0.0,0.0,0.0,0.0,3e-05,0.0,7e-05,0.0,0.0
B*15:48,0.0,0.0,0.0,0.0,0.0,3e-05,0.0,2e-05,0.0,0.0,1e-05,0.00023,0.0,0.00017,0.0,0.0
B*15:50,0.0,0.0,0.0,0.0,0.0,0.0,0.0,0.0,0.0,0.0,0.0,0.0,0.0,0.0,0.0,0.0
B*15:51,0.0,0.0,0.0,0.0,0.0,0.0,0.0,0.0,0.0,0.0,0.0,0.0,0.0,0.0,0.0,0.0
B*15:52,0.00016,0.00023,0.0,0.0,8e-05,1e-05,0.0,0.0,0.0,1e-05,0.0,0.0,0.0,1e-05,0.0,0.0
B*15:53,1e-05,0.0,0.0,8e-05,0.0,0.0,0.0,0.0,0.0,0.0,0.0,0.0,0.0,0.0,0.0,0.0
B*15:54,0.00016,0.00018,0.0,0.0,0.0002,1e-05,0.0,0.0,0.0,0.0,0.0,0.0,0.0,0.0,0.0,0.0
B*15:55,0.0,4e-05,0.0,0.0,0.0,0.0,0.0,0.0,0.0,0.0,2e-05,1e-05,0.0,1e-05,2e-05,1e-05
B*15:56,0.0,0.0,0.0,0.0,0.0,1e-05,0.0,0.00018,0.0,0.0,0.0,0.0,0.0,0.0,0.0,0.0
B*15:58,0.0,0.0,0.0,0.0,0.0,0.0,0.0,6e-05,0.0,2e-05,0.0,0.0,0.00041,0.0,2e-05,2e-05
B*15:61,1e-05,0.0,0.0,0.0,3e-05,0.0,0.0,0.0,0.0,0.0,0.0,0.0,0.0,0.0,0.0,0.0
B*15:62,1e-05,0.0,0.0,0.0,2e-05,0.0,0.0,0.0,0.0,0.0,0.0,0.0,0.0,0.0,0.0,0.0
B*15:63,0.0,0.0,0.0,0.00038,0.0,0.0,0.0,1e-05,4e-05,0.0,0.0,2e-05,1e-05,3e-05,0.0,0.0
B*15:64,0.0,0.0,1e-05,0.0,0.0,0.0,0.0,1e-05,0.0,0.0,0.0,0.0,0.0,0.0,5e-05,2e-05
B*15:65,0.0,2e-05,0.0,0.0,0.0,0.0,1e-05,0.0,1e-05,1e-05,0.0,1e-05,1e-05,0.0,0.0,0.0
B*15:66,0.0,0.0,0.0,0.0,0.0,0.0,0.0,0.0,0.0,0.0,0.0,0.0,2e-05,0.0,0.0,0.0
B*15:67,0.0,0.00012,0.0,0.0,0.0,0.0,0.0,4e-05,0.0,0.0,0.0,0.0,0.0,0.0,0.0,0.0
B*15:68,0.0,0.0,0.0,0.0,0.0,0.0,0.0,0.0,0.0,2e-05,0.0,0.0,6e-05,0.0,0.0,0.0
B*15:69,0.0,0.0,0.0,0.0,0.0,0.0,0.0,0.0,0.0,0.0,0.0,0.0,0.0,0.0,0.0,0.0
B*15:70,0.0,0.0,0.0,0.0,0.0,0.0,0.0,0.0,0.0,0.0,0.0,0.0,0.0,0.0,0.0,0.0
B*15:71,0.0,0.0,0.0,0.0,0.0,0.0,1e-05,0.0,0.0,0.0,1e-05,0.0,0.0,0.0,0.0,0.0
B*15:73,0.0,0.0,0.0,0.0,0.0,0.0,2e-05,0.0,0.0,0.0,8e-05,0.0,0.0,0.0,0.0,0.0
B*15:74,0.0,0.0,0.0,0.0,0.0,0.0,0.0,0.0,0.0,0.0,0.0,0.0,0.0,0.0,0.0,0.0
B*15:75,0.0,0.0,8e-05,0.0,0.0,0.0,0.0,0.0,0.0,0.0,0.0,0.0,0.0,0.0,7e-05,0.0
B*15:76,0.0,0.0,0.0,0.0,0.0,0.0,0.0,0.0,0.0,0.0,0.0,0.0,0.0,0.0,0.0,0.0
B*15:78,0.0,0.0,0.0,0.0,0.0,0.0,0.0,0.0,0.0,0.0,0.0,0.0,0.0,0.0,0.0,0.0
B*15:79,0.0,0.0,0.0,0.0,0.0,0.0,0.0,0.0,0.0,0.0,0.0,0.0,0.0,0.0,0.0,0.0
B*15:80,0.0,0.0,0.0,0.0,0.0,0.0,0.0,0.0,0.0,0.0,0.0,0.0,0.0,0.0,0.0,0.0
B*15:82,0.0,0.0,0.0,0.0,0.0,0.0,1e-05,0.0,0.0,0.0,1e-05,0.0,0.0,0.0,0.0,0.0
B*15:83,0.0,2e-05,0.0,0.0,0.0,0.0,0.0,0.0,0.0,0.0,0.0,0.0,0.0,0.0,0.0,0.0
B*15:85,0.0,0.0,0.0,0.0,0.0,0.0,0.0,0.0,0.0,1e-05,0.0,0.0,0.0,0.0,0.0,0.0
B*15:86,0.0,0.0,0.0,0.0,0.0,0.0,0.0,0.0,0.0,0.0,0.0,0.0,0.0,0.0,0.0,0.0
B*15:87,0.0,0.0,0.0,0.0,0.0,0.0,0.0,0.0,0.0,1e-05,0.0,0.0,0.0,0.0,0.0,0.0
B*15:88,0.0,0.0,0.0,0.0,0.0,0.0,0.0,0.0,0.0,0.0,0.0,0.0,2e-05,0.0,0.0,6e-05
B*15:89,0.0,0.0,1e-05,0.0,0.0,0.0,0.0,0.0,0.0,0.0,0.0,0.0,0.0,0.0,4e-05,0.0
B*15:92,0.0,0.0,0.0,0.0,0.0,0.0,0.0,0.0,0.0,0.0,0.0,0.0,0.0,0.0,0.0,0.0
B*15:93,0.0,0.0,0.0,0.0,0.0,0.0,0.0,0.0,2e-05,0.0,0.0,0.0,0.0,0.0,0.0,0.0
B*15:95,0.0,0.0,0.0,0.0,0.0,0.0,0.0,0.0,0.0,0.0,0.0,0.0,0.0,0.0,0.0,0.0
B*15:98,0.0,0.0,0.0,0.0,0.0,0.0,0.0,0.0,0.0,0.0,0.0,0.0,0.0,0.0,0.0,0.0
B*15:99,0.0,0.0,0.0,0.0,6e-05,0.0,0.0,0.0,0.0,0.0,0.0,0.0,0.0,0.0,0.0,0.0
B*18:01,0.03195,0.03192,0.02516,0.03226,0.03145,0.04272,0.04434,0.02456,0.0021,0.00055,0.07244,0.04089,0.00257,0.04111,0.0294,0.01081
B*18:02,1e-05,0.0,9e-05,1e-05,1e-05,0.0,0.0,0.00574,0.0,0.0,0.0,2e-05,0.00147,1e-05,0.0037,0.00465
B*18:03,2e-05,0.00012,0.0,2e-05,6e-05,7e-05,0.00012,0.0,0.0,0.0,0.0003,5e-05,1e-05,3e-05,0.0,0.0
B*18:04,1e-05,0.0,0.0,3e-05,0.0,0.00026,3e-05,0.0,0.0,0.0,5e-05,3e-05,0.0,5e-05,0.0,0.0
B*18:05,0.0,0.0,0.0,0.0,0.0,1e-05,2e-05,0.0,0.0,0.0,0.00016,1e-05,0.0,8e-05,0.0,0.0
B*18:06,0.0,0.0,0.0,0.0,2e-05,1e-05,0.0,4e-05,0.0,0.0,1e-05,0.0,0.0,0.0,0.0,0.0
B*18:07,0.0,2e-05,0.0,0.0,0.0,2e-05,1e-05,1e-05,0.0,0.0,9e-05,1e-05,0.0,0.0,0.0,0.0
B*18:08,0.0,0.0,0.0,0.0,0.0,0.0,0.0,0.0,0.0,0.0,0.0,0.0,0.0,0.0,0.0,0.0
B*18:09,0.0,2e-05,0.0,0.0,0.0,0.0,0.0,0.0,0.0,0.0,0.0,0.0,0.0,0.0,0.0,0.0
B*18:10,0.0,0.0,0.0,0.0,0.0,0.0,0.0,0.0,0.0,0.0,0.0,0.0,0.0,0.0,0.0,0.0
B*18:11,0.0,2e-05,0.0,0.0,0.0,0.0,1e-05,1e-05,0.0,0.0,5e-05,0.0,0.0,0.0,0.0,0.0
B*18:12,0.0,0.0,0.0,1e-05,0.0,0.0,1e-05,0.0,0.0,0.0,1e-05,0.0,0.0,0.0,0.0,0.0
B*18:13,0.0,0.0,0.0,0.0,0.0,0.0,2e-05,0.0,0.0,0.0,0.0,0.0,0.0,0.0,0.0,0.0
B*18:14,0.0,0.0,0.0,1e-05,0.0,0.0,2e-05,0.0,0.0,0.0,0.0,0.0,1e-05,1e-05,0.0,0.0
B*18:15,0.0,0.0,0.0,0.0,0.0,0.0,0.0,0.0,0.0,0.0,0.0,0.0,0.0,0.0,0.0,0.0
B*18:18,0.0,0.0,0.0,0.0,0.0,0.0,1e-05,0.0,0.0,0.0,7e-05,0.0,0.0,0.0,0.0,0.0
B*18:19,0.0,0.0,0.0,0.0,0.0,0.0,0.0,0.0,0.0,0.0,1e-05,0.0,0.0,0.0,0.0,0.0
B*18:20,0.0,0.0,0.0,0.0,0.0,0.0,1e-05,0.0,0.0,0.0,4e-05,0.0,0.0,0.0,0.0,0.0
B*18:22,0.0,0.0,0.0,0.0,0.0,0.0,0.0,0.0,0.0,0.0,0.0,0.0,0.0,0.0,2e-05,0.0
B*18:25,5e-05,0.00012,0.0,0.0,3e-05,0.0,0.0,0.0,0.0,0.0,0.0,0.0,0.0,0.0,0.0,0.0
B*18:26,0.0,2e-05,0.0,1e-05,0.0,0.0,0.0,0.0,0.0,0.0,0.0,0.0,0.0,0.0,0.0,0.0
B*18:27,0.0,0.0,0.0,0.0,1e-05,0.0,0.0,0.0,0.0,0.0,0.0,0.0,0.0,0.0,0.0,0.0
B*18:29,0.0,1e-05,0.0,0.0,0.0,0.0,0.0,1e-05,0.0,0.0,0.0,0.0,0.0,0.0,0.0,0.0
B*18:30,0.0,0.0,0.0,0.0,0.0,0.0,0.0,0.0,0.0,0.0,0.0,0.0,0.0,0.0,0.0,0.0
B*18:31,0.0,0.0,0.0,0.0,0.0,0.0,0.0,0.0,0.0,0.0,0.0,0.0,0.0,0.0,0.0,0.0
B*18:32,0.0,0.0,0.0,0.0,0.0,0.0,0.0,0.0,0.0,0.0,1e-05,0.0,0.0,0.0,0.0,0.0
B*18:33,0.0,0.0,0.0,0.0,0.0,0.0,0.0,0.0,0.0,0.0,5e-05,0.0,0.0,0.0,0.0,0.0
B*18:34,0.0,0.0,0.0,0.0,0.0,0.0,0.0,0.0,0.0,0.0,0.0,0.0,0.0,0.0,0.0,0.0
B*18:36,0.0,0.0,0.0,0.0,0.0,0.0,0.0,0.0,0.0,0.0,0.0,0.0,0.0,0.0,0.0,0.0
B*18:37,0.0,0.0,0.0,0.0,0.0,0.0,0.0,0.0,0.0,0.0,1e-05,0.0,0.0,0.0,0.0,0.0
B*18:40,0.0,0.0,0.0,0.0,0.0,0.0,0.0,0.0,0.0,0.0,0.0,0.0,0.0,0.0,0.0,0.0
B*18:44,0.0,0.0,0.0,0.0,0.0,0.0,0.0,0.0,0.0,0.0,0.0,0.0,0.0,0.0,0.0,0.0
B*18:54,0.0,0.0,0.0,0.0,0.0,0.0,0.0,0.0,0.0,0.0,0.0,0.0,0.0,0.0,0.0,0.0
B*18:60,0.0,0.0,0.0,0.0,0.0,0.0,0.0,0.0,0.0,0.0,1e-05,0.0,0.0,0.0,0.0,0.0
B*18:61,0.0,0.0,0.0,1e-05,0.0,0.0,0.0,0.0,0.0,0.0,0.0,0.0,0.0,0.0,0.0,0.0
B*27:01,0.0,0.0,0.0,4e-05,0.0,0.0,3e-05,0.0,0.0,0.0,1e-05,0.0,0.0,0.0,0.0,0.0
B*27:02,0.00036,0.00046,0.00077,0.00275,0.00044,0.00352,0.00393,0.00015,0.00018,6e-05,0.00589,0.00195,7e-05,0.0019,0.00093,0.0
B*27:03,0.00331,0.00438,2e-05,0.0,0.00375,0.00026,7e-05,0.0,0.0,0.0,0.00039,0.00025,0.0,0.00047,2e-05,1e-05
B*27:04,2e-05,1e-05,0.00198,0.00014,0.00014,3e-05,1e-05,0.0066,0.00203,0.00227,0.00027,1e-05,0.0191,3e-05,0.00554,0.01134
B*27:05,0.00843,0.00589,0.00828,0.05451,0.00668,0.01722,0.03725,0.00315,0.00226,0.02487,0.01475,0.02216,0.00346,0.01603,0.00711,0.00236
B*27:06,0.00027,0.00012,9e-05,1e-05,0.0,1e-05,1e-05,0.02357,6e-05,8e-05,1e-05,0.00012,0.00095,9e-05,0.00406,0.01077
B*27:07,6e-05,0.00019,0.00506,0.00022,0.00015,0.00052,0.00034,9e-05,4e-05,8e-05,0.00192,0.00024,0.00074,0.00032,0.00399,0.00022
B*27:08,2e-05,7e-05,0.0,0.00014,3e-05,0.0001,9e-05,1e-05,0.0,0.0,4e-05,9e-05,0.0,0.0002,0.0,0.0
B*27:09,1e-05,2e-05,1e-05,1e-05,2e-05,0.0,6e-05,2e-05,0.0,0.0,0.00016,2e-05,0.0,2e-05,0.0,0.0
B*27:10,0.0,0.0,0.0,1e-05,0.0,0.0,9e-05,0.0,0.0,0.0,3e-05,4e-05,0.0,0.0,0.0,1e-05
B*27:12,2e-05,2e-05,0.0,3e-05,0.00011,0.0001,7e-05,1e-05,0.0,1e-05,0.00028,8e-05,0.0,0.0001,0.0,0.0
B*27:14,3e-05,0.0,0.0,0.00038,2e-05,0.0,9e-05,0.0,0.0,0.0,3e-05,1e-05,1e-05,0.0,0.0,0.0
B*27:15,0.0,0.0,0.0,1e-05,0.0,0.0,0.0,2e-05,0.0,0.0,0.0,0.0,0.00013,0.0,0.0,3e-05
B*27:16,0.0,0.0,0.0,0.0,0.0,0.0,0.0,0.0,0.0,0.0,0.0,0.0,0.0,0.0,0.0,0.0
B*27:17,0.0,0.0,0.0,0.0,0.0,0.0,0.0,0.0,0.0,0.0,0.0,0.0,0.0,0.0,0.0,0.0
B*27:18,0.0,0.0,0.0,0.0,0.0,0.0,0.0,0.0,0.0,0.0,0.0,0.0,5e-05,0.0,0.0,0.0
B*27:19,0.0,0.0,0.0,0.0,0.0,0.0,0.0,0.0,0.0,0.0,4e-05,0.0,0.0,0.0,0.0,0.0
B*27:20,0.0,0.0,0.0,0.0,2e-05,0.0,0.0,0.0,0.0,0.00024,0.0,0.0,0.0,0.0,0.0,1e-05
B*27:21,0.0,0.0,0.0,0.0,2e-05,0.0,0.0,0.0,0.0,0.0,0.0,0.0,0.0,0.0,0.0,0.0
B*27:24,0.0,0.0,0.0,0.0,0.0,0.0,0.0,0.0,0.0,0.0,0.0,0.0,8e-05,0.0,2e-05,0.0
B*27:25,0.0,0.0,0.0,0.0,0.0,0.0,0.0,0.0,0.0,0.0,0.0,0.0,2e-05,0.0,0.0,0.0
B*27:26,0.0,4e-05,0.0,0.0,0.0,0.0,0.0,0.0,0.0,0.0,1e-05,0.0,0.0,0.0,0.0,0.0
B*27:27,0.0,0.0,0.0,0.0,0.0,0.0,0.0,0.0,0.0,0.0,0.0,2e-05,0.0,1e-05,0.0,0.0
B*27:30,0.0,0.0,0.0,0.0,0.0,0.0,0.0,0.0,0.0,0.0,0.0,0.0,0.0,0.0,0.0,0.0
B*27:32,0.0,0.0,0.0,0.0,0.0,0.0,0.0,0.0,0.0,0.0,0.0,0.0,0.0,0.0,0.0,0.0
B*27:34,0.0,0.0,0.0,0.0,0.0,0.0,0.0,0.0,0.0,0.0,0.0,0.0,0.0,0.0,0.0,0.0
B*27:35,0.0,0.0,0.0,0.0,0.0,0.0,0.0,0.0,0.0,0.0,0.0,0.0,0.0,0.0,0.0,0.0
B*27:36,0.0,0.0,0.0,0.0,0.0,0.0,0.0,0.0,0.0,0.0,0.0,0.0,3e-05,0.0,0.0,0.0
B*27:39,0.0,0.0,0.0,0.0,0.0,0.0,0.0,0.0,0.0,0.0,0.0,0.0,0.0,0.0,0.0,0.0
B*27:40,0.0,0.0,0.0,0.0,0.0,0.0,0.0,0.0,0.0,0.0,0.0,0.0,1e-05,0.0,0.0,0.0
B*27:41,0.0,0.0,0.0,0.0,0.0,0.0,0.0,0.0,0.0,0.0,0.0,0.0,0.0,0.0,0.0,0.0
B*27:42,0.0,0.0,0.0,0.0,0.0,0.0,0.0,0.0,0.0,0.0,0.0,0.0,1e-05,0.0,2e-05,0.0
B*27:43,0.0,0.0,0.0,0.0,0.0,0.0,0.0,0.0,0.0,0.0,0.0,0.0,0.0,0.0,0.0,0.0
B*27:46,0.0,0.0,0.0,0.0,0.0,0.0,0.0,0.0,0.0,0.0,0.0,0.0,0.0,0.0,0.0,0.0
B*27:47,0.0,0.0,0.0,0.0,0.0,0.0,0.0,0.0,0.0,0.0,0.0,0.0,0.0,0.0,0.0,0.0
B*27:49,0.0,0.0,0.0,0.0,0.0,0.0,0.0,0.0,0.0,1e-05,0.0,0.0,0.0,0.0,0.0,0.0
B*27:53,0.0,0.0,0.0,0.0,0.0,0.0,0.0,0.0,0.0,0.0,0.0,0.0,0.0,0.0,2e-05,0.0
B*27:54,0.0,0.0,0.0,1e-05,0.0,0.0,0.0,1e-05,0.0,0.0,0.0,0.0,0.0,0.0,0.0,1e-05
B*27:56,0.0,0.0,0.0,0.0,0.0,0.0,0.0,0.0,0.0,0.0,0.0,0.0,0.0,0.0,0.0,0.0
B*27:57,0.0,0.0,0.0,0.0,0.0,0.0,0.0,0.0,0.0,0.0,0.0,0.0,0.0,0.0,0.0,0.0
B*27:59,0.0,0.0,0.0,1e-05,0.0,0.0,0.0,0.0,0.0,0.0,0.0,0.0,0.0,0.0,0.0,0.0
B*27:63,0.0,0.0,0.0,0.0,0.0,0.0,0.0,1e-05,0.0,0.0,0.0,0.0,0.0,0.0,0.0,0.0
B*27:65,0.0,0.0,0.0,0.0,0.0,0.0,0.0,0.0,0.0,0.0,0.0,0.0,0.0,0.0,0.0,0.0
B*27:66,0.0,1e-05,0.0,0.0,0.0,0.0,0.0,0.0,0.0,0.0,0.0,0.0,0.0,0.0,0.0,0.0
B*27:75,0.0,0.0,0.0,0.0,0.0,0.0,0.0,0.0,0.0,0.0,0.0,0.0,0.0,0.0,0.0,0.0
B*27:78,0.0,0.0,0.0,0.0,0.0,0.0,0.0,0.0,0.0,0.0,0.0,0.0,0.0,0.0,0.0,0.0
B*27:79,0.0,1e-05,0.0,0.0,0.0,3e-05,0.0,0.0,0.0,0.0,0.0,0.0,0.0,0.0,0.0,0.0
B*35:01,0.06888,0.06675,0.06221,0.09792,0.0734,0.04787,0.05596,0.02247,0.08693,0.05988,0.06495,0.0798,0.02232,0.07132,0.0476,0.01011
B*35:02,0.00084,0.00194,0.00726,0.00451,0.00134,0.0159,0.01015,0.00074,0.00041,0.00027,0.03291,0.0126,0.00072,0.01286,0.00818,0.00022
B*35:03,0.00198,0.00158,0.07197,0.00945,0.00431,0.02377,0.01616,0.0044,0.00045,0.00456,0.03097,0.01296,0.00787,0.01467,0.05119,0.00567
B*35:04,2e-05,2e-05,0.0,8e-05,0.00015,0.00334,1e-05,0.0,3e-05,1e-05,1e-05,0.00068,2e-05,0.00429,0.0,0.0
B*35:05,0.00037,0.00019,0.00058,0.00013,0.00044,0.00181,4e-05,0.08162,0.00047,6e-05,7e-05,0.00153,0.00542,0.0056,0.00678,0.02507
B*35:06,1e-05,0.0,4e-05,0.0,5e-05,0.0006,1e-05,0.0,0.0,1e-05,0.0,5e-05,1e-05,0.00036,9e-05,1e-05
B*35:08,0.00039,0.00089,0.00201,0.00151,0.00066,0.00414,0.00435,0.00019,0.00012,0.0001,0.01812,0.00523,0.0005,0.006,0.00257,3e-05
B*35:09,0.0,0.0,0.0,0.0,0.0,1e-05,0.0,2e-05,0.0,0.0,0.0,3e-05,0.0,0.00038,0.0,0.0
B*35:10,1e-05,0.0,0.0,0.0,0.0,0.00013,1e-05,0.0,0.0,0.0,0.0,0.00016,0.0,0.00111,0.0,0.0
B*35:102,0.0,9e-05,0.0,0.0,0.0,0.0,0.0,0.0,0.0001,3e-05,0.0,0.0,1e-05,0.0,1e-05,0.0
B*35:109,0.0,0.0,1e-05,0.0,0.0,0.0,0.0,0.0,0.0,0.0,0.0,0.0,0.0,0.0,0.0,0.0
B*35:11,3e-05,0.0,1e-05,1e-05,0.00018,0.00107,1e-05,1e-05,4e-05,0.0,1e-05,9e-05,2e-05,0.0004,0.0,0.0
B*35:112,0.0,0.0,0.0,1e-05,0.0,0.0,0.0,0.0,0.0,0.0,1e-05,0.0,0.0,0.0,0.0,0.0
B*35:113,0.0,0.0,0.0,0.0,0.0,0.0,0.0,0.0,1e-05,0.0,0.0,0.0,0.0,0.0,2e-05,0.0
B*35:115,0.0,0.0,0.0,0.0,0.0,0.0,0.0,0.0,0.0,0.0,1e-05,0.0,0.0,0.0,0.0,0.0
B*35:117,0.0,0.0,0.0,0.0,0.0,0.0,0.0,0.0,0.0,0.0,0.0,0.0,0.0,1e-05,0.0,0.0
B*35:12,0.0001,7e-05,2e-05,0.00081,0.00045,0.00807,0.0001,0.0001,1e-05,0.0,0.00015,0.02228,0.0,0.01795,2e-05,1e-05
B*35:121,0.0,0.0,0.0,0.0,0.0,0.0,0.0,0.0,0.0,0.0,0.0,0.0,0.0,0.0,0.0,0.0
B*35:124,0.0,0.0,0.0,0.0,0.0,0.0,0.0,0.0,4e-05,0.0,0.0,0.0,0.0,0.0,0.0,0.0
B*35:125,0.0,0.0,0.0,0.0,0.0,0.0,0.0,0.0,0.0,0.0,0.0,0.0,0.0,0.0,0.0,0.0
B*35:13,0.0,0.0,2e-05,0.0,0.0,0.0,0.0,0.0,0.0,0.0,0.0,0.0,0.0,0.0,2e-05,0.0
B*35:132,0.0,0.0,1e-05,0.0,0.0,0.0,0.0,0.0,0.0,0.0,0.0,0.0,0.0,0.0,0.0,0.0
B*35:133,0.0,0.0,0.0,0.0,0.0,0.0,0.0,0.0,0.0,0.0,0.0,0.0,0.0,0.0,0.0,0.0
B*35:135,0.0,0.0,0.0,0.0,0.0,0.0,0.0,0.0,0.0,0.0,0.0,0.0,0.0,0.0,0.0,0.0
B*35:136,0.0,0.0,1e-05,0.0,0.0,0.0,0.0,0.0,0.0,0.0,0.0,0.0,0.0,0.0,0.0,0.0
B*35:14,0.0,0.0,0.0,0.00011,0.0,0.00015,2e-05,1e-05,0.0,0.0,4e-05,0.00345,1e-05,0.00176,0.0,0.0
B*35:141,0.0,0.0,0.0,0.0,0.0,0.0,0.0,0.0,0.0,0.0,0.0,0.0,0.0,0.0,0.0,0.0
B*35:148,0.0,0.0,0.0,0.0,0.0,0.0,0.0,0.0,0.0,0.0,0.0,0.0,0.0,0.0,0.0,0.0
B*35:149,0.0,0.0,0.0,0.0,0.0,0.0,0.0,0.0,0.0,0.0,0.0,0.0,0.0,0.0,3e-05,0.0
B*35:15,0.0,0.0,0.0,0.0,0.0,0.0,0.0,0.0,0.0,0.0,1e-05,1e-05,0.0,4e-05,0.0,0.0
B*35:150,0.0,0.0,0.0,0.0,0.0,0.0,0.0,0.0,0.0,0.0,0.0,0.0,0.0,0.0,1e-05,0.0
B*35:151,0.0,0.0,0.0,0.0,0.0,0.0,0.0,0.0,0.0,0.0,0.0,0.0,0.0,0.0,0.0,0.0
B*35:152,0.0,0.0,0.0,0.0,0.0,0.0,0.0,0.0,0.0,0.0,0.0,0.0,0.0,0.0,0.0,0.0
B*35:153,0.0,0.0,0.0,0.0,0.0,0.0,0.0,0.0,0.0,0.0,0.0,0.0,0.0,0.0,0.0,0.0
B*35:154,0.0,0.0,0.0,0.0,0.0,0.0,0.0,0.0,0.0,0.0,0.0,0.0,0.0,0.0,0.0,0.0
B*35:155,0.0,0.0,0.0,0.0,0.0,0.0,0.0,0.0,0.0,0.0,0.0,0.0,0.0,0.0,0.0,0.0
B*35:156,0.0,0.0,0.0,0.0,0.0,0.0,0.0,0.0,0.0,0.0,4e-05,0.0,0.0,0.0,0.0,0.0
B*35:157,0.0,0.0,0.0,0.0,0.0,0.0,0.0,0.0,0.0,0.0,0.0,0.0,0.0,0.0,0.0,0.0
B*35:158,0.0,2e-05,0.0,0.0,0.0,0.0,0.0,0.0,0.0,0.0,0.0,0.0,0.0,0.0,0.0,0.0
B*35:159,0.0,0.0,0.0,0.0,0.0,0.0,0.0,0.0,0.0,0.0,0.0,0.0,0.0,0.0,0.0,0.0
B*35:16,0.0,0.0,0.0,1e-05,0.0,3e-05,0.0,0.0,0.0,0.0,1e-05,0.00043,0.0,0.00016,0.0,0.0
B*35:162,0.0,0.0,0.0,0.0,0.0,0.0,0.0,0.0,0.0,0.0,0.0,0.0,0.0,0.0,0.0,0.0
B*35:17,2e-05,2e-05,1e-05,0.00031,5e-05,0.00047,6e-05,7e-05,1e-05,3e-05,0.00011,0.01067,1e-05,0.00508,2e-05,0.0
B*35:18,0.0,0.0,0.0,0.0,0.0,0.0,0.0,0.0,0.0,0.0,0.0,0.0,0.0,0.0,0.0,0.0
B*35:19,0.0,0.0,0.0,0.0,0.0,1e-05,0.0,0.0,0.0,0.0,0.0,0.0,0.0,0.0001,0.0,0.0
B*35:20,3e-05,2e-05,2e-05,0.00017,3e-05,0.00112,2e-05,1e-05,2e-05,0.0,5e-05,0.00086,1e-05,0.00268,0.0,1e-05
B*35:21,0.0,0.0,0.0,0.0,0.0,0.00011,0.0,0.0,0.0,1e-05,1e-05,0.00055,0.0,0.00037,2e-05,0.0
B*35:22,0.0,0.0,0.0,0.0,0.0,0.0001,0.0,0.0,2e-05,0.0,0.0,6e-05,0.0,0.00079,0.0,0.0
B*35:23,0.0,0.0,2e-05,0.0,0.0,5e-05,0.0,0.0,0.0,1e-05,0.0,0.00024,0.0,0.00025,2e-05,0.0
B*35:24,0.0,0.0,1e-05,0.0,0.0,2e-05,0.0,0.0,0.0,0.0,1e-05,0.00032,0.0,0.00014,0.0,0.0
B*35:25,0.0,0.0,0.0,0.0,1e-05,0.0,0.0,0.0,2e-05,0.0,2e-05,0.0,0.0,1e-05,0.0,0.0
B*35:26,0.0,0.0,0.0,0.0,0.0,1e-05,0.0,1e-05,0.0,0.0,0.0,2e-05,0.0,7e-05,0.0,0.0
B*35:27,3e-05,0.0,0.0,1e-05,0.0,0.0,5e-05,0.0,0.0,0.0,1e-05,2e-05,0.0,0.0,0.0,0.0
B*35:28,0.0,0.0,0.0,0.0,0.0,1e-05,1e-05,0.0,0.0,0.0,0.0,0.00065,0.0,0.00019,0.0,0.0
B*35:29,0.0,1e-05,0.0,3e-05,0.0,0.0,1e-05,0.0,0.0,0.0,0.0,0.0,0.0,0.0,0.0,0.0
B*35:30,0.0,2e-05,0.0,0.0,0.0,0.0,0.0,0.00083,0.0,1e-05,0.0,4e-05,3e-05,0.00041,0.00014,0.0
B*35:31,0.0,0.0,0.0,0.0,0.0,9e-05,0.0,0.0,0.0,0.0001,0.0,3e-05,0.0,0.00089,1e-05,0.0
B*35:32,1e-05,4e-05,0.0,0.0,0.0,1e-05,0.0,0.0,0.0,0.0,1e-05,1e-05,0.0,0.0,0.0,0.0
B*35:33,0.0,0.0,0.0,0.0,0.0,0.0,0.0,0.0,0.0,0.0,0.0,0.0,0.0,0.0,0.0,0.0
B*35:34,1e-05,4e-05,1e-05,0.0,0.0,9e-05,0.0,0.0,0.0,3e-05,0.0,5e-05,0.0,4e-05,2e-05,0.0
B*35:37,0.0,0.0,0.0,0.0,0.0,0.0,0.0,0.0,0.0,0.0,2e-05,0.0,0.0,1e-05,0.0,0.0
B*35:38,0.0,0.0,0.0,0.0,0.0,0.0,0.0,0.0,0.0,0.0,2e-05,0.0,0.0,0.0,0.0,0.0
B*35:39,0.0,0.0,0.0,0.0,0.0,0.0,0.0,0.0,0.0,1e-05,0.0,0.0,0.0,0.0,0.0,0.0
B*35:41,1e-05,0.0,0.0,1e-05,0.0,0.0,6e-05,0.0,0.0,0.0,1e-05,0.0,0.0,0.0,0.0,0.0
B*35:43,9e-05,0.0,1e-05,0.00018,0.00039,0.00193,4e-05,8e-05,0.0,0.0,0.00013,0.00465,1e-05,0.01852,2e-05,0.0
B*35:44,0.0,0.0,0.0,0.0,0.0,2e-05,0.0,0.0,0.0,0.0,0.0,0.0,0.0,0.0001,0.0,0.0
B*35:45,0.0,0.0,0.0,0.0,0.0,0.0,0.0,0.0,0.0,0.0,0.0,0.0,0.0,0.0,0.0,0.0
B*35:47,0.0,0.0,0.0,0.0,0.0,0.0,0.0,0.0,0.0,0.0,0.0,6e-05,0.0,1e-05,0.0,0.0
B*35:48,0.0,0.0,0.0,0.0,0.0,0.0,0.0,0.0,0.0,0.0,0.0,2e-05,0.0,5e-05,0.0,0.0
B*35:49,2e-05,2e-05,0.0,0.0,1e-05,0.0,0.0,0.0,0.0,0.0,0.0,1e-05,0.0,0.00015,0.0,0.0
B*35:51,0.0,0.0,0.0,0.0,0.0,0.0,0.0,0.0,0.0,0.0,0.0,0.0,0.0,0.0,0.0,0.0
B*35:52,0.0,0.0,0.0,0.0,0.0,0.0,0.0,0.0,0.0,0.0,0.0,0.0,0.0,0.0,0.0,0.0
B*35:55,0.0,0.0,0.0,0.0,0.0,0.0,1e-05,0.0,0.0,0.0,0.0,0.0,0.0,0.0,0.0,0.0
B*35:58,0.0,0.0,0.0,0.0,0.0,0.0,0.0,0.0,0.0,0.0,0.0,0.0,0.0,1e-05,0.0,0.0
B*35:59,0.0,0.0,0.0,7e-05,2e-05,0.0,0.0,0.0,0.0,0.0,0.0,0.0,0.0,0.0,0.0,0.0
B*35:63,0.0,0.0,0.0,0.0,0.0,0.0,0.0,0.0,0.0,0.0,0.0,0.0,0.0,0.0,0.0,0.0
B*35:66,0.0,0.0,0.0,0.0,0.0,0.0,0.0,0.0,0.0,0.0,0.0,0.0,0.0,0.0,2e-05,0.0
B*35:68,0.0,0.0,0.0,0.0,0.0,0.0,0.0,0.0,0.0,0.0,0.0,1e-05,0.0,0.00011,0.0,0.0
B*35:69,0.0,0.0,0.0,0.0,0.0,0.0,0.0,0.0,0.0,0.0,0.0,0.0,0.0,0.0,0.0,0.0
B*35:72,0.0,0.0,0.0,0.0,0.0,0.0,0.0,0.0,0.0,0.0,0.0,0.0,0.0,0.0,0.0,1e-05
B*35:74,0.0,0.0,1e-05,0.0,0.0,0.0,0.0,0.0,0.0,0.0,0.0,0.0,0.0,0.0,2e-05,0.0
B*35:75,0.0,0.0,0.0,0.0,0.0,0.0,0.0,0.0,0.0,0.0,0.0,0.0,0.0,0.0,2e-05,0.0
B*35:77,0.0,0.0,0.0,0.0,0.0,0.0,0.0,0.0,0.0,0.0,1e-05,0.0,0.0,0.0,0.0,0.0
B*35:80,0.0,0.0,0.0,0.0,0.0,0.0,0.0,0.0,0.0,0.0,0.0,0.0,0.0,0.0,0.0,0.0
B*35:81,0.0,0.0,0.0,0.0,0.0,0.0,0.0,0.0,0.0,0.0,1e-05,0.0,0.0,0.0,0.0,0.0
B*35:83,0.0,0.0,0.0,0.0,0.0,0.0,0.0,0.0,2e-05,0.0,0.0,0.0,0.0,0.0,0.0,0.0
B*35:84,0.0,0.0,0.0,0.0,0.0,0.0,0.0,0.0,0.0,0.0,0.0,0.0,0.0,0.0,1e-05,0.0
B*35:88,0.0,0.0,0.0,0.0,0.0,0.0,0.0,0.0,0.0,0.0,0.0,0.0,0.0,0.0,1e-05,0.0
B*35:92,0.0,1e-05,0.0,0.0,0.0,0.0,0.0,0.0,2e-05,0.0,0.0,0.0,0.0,0.0,0.0,0.0
B*35:93,0.0,0.0,0.0,0.0,0.0,0.0,0.0,0.0,0.0,0.0,0.0,0.0,0.0,0.0,0.0,0.0
B*35:95,0.0,0.0,0.0,0.0,0.0,0.0,0.0,0.0,0.0,0.0,0.0,0.0,0.0,0.0,0.0,0.0
B*35:98,0.0,0.0,0.0,0.0,0.0,0.0,0.0,0.0,0.0,0.0,0.0,0.0,0.0,0.0,0.0,0.0
B*35:99,0.0,0.0,0.0,0.0,0.0,0.0,0.0,0.0,0.0,0.0,0.0,0.0,0.0,0.0,0.0,0.0
B*37:01,0.00549,0.00622,0.0341,0.01079,0.00494,0.00878,0.01439,0.00264,0.00484,0.01579,0.01109,0.0073,0.00601,0.00749,0.02508,0.00783
B*37:02,0.0,0.0,1e-05,0.0,0.0,0.0,1e-05,0.0,0.0,0.0,0.00016,0.0,0.0,0.0,0.0,0.0
B*37:03,0.0,0.0,0.0,0.0,0.0,0.0,0.0,0.0,0.0,0.0,0.0,0.0,0.0,1e-05,0.0,0.0
B*37:04,0.0,0.0,0.00023,1e-05,0.0,0.0,1e-05,0.0,0.0,0.0,1e-05,0.0,3e-05,0.0,7e-05,0.0
B*37:05,0.0,0.0,0.0,0.0,0.0,0.0,0.0,0.0,0.0,6e-05,0.0,0.0,0.0,0.0,0.0,0.0
B*37:06,0.0,0.0,0.0,0.0,0.0,0.0,0.0,0.0,0.0,0.0,0.0,0.0,0.0,0.0,0.0,0.0
B*37:07,0.0,0.0,0.0,0.0,0.0,2e-05,0.0,0.0,0.0,0.0,0.0,0.0,0.0,1e-05,0.0,0.0
B*37:10,0.0,0.0,0.0,0.0,0.0,0.0,0.0,0.0,0.0,0.0,1e-05,0.0,0.0,0.0,0.0,0.0
B*37:19,0.0,0.0,0.0,0.0,0.0,0.0,0.0,0.0,0.0,0.0,0.0,0.0,0.0,0.0,0.0,0.0
B*37:22,0.0,0.0,0.0,0.0,0.0,0.0,0.0,0.0,2e-05,0.0,0.0,0.0,0.0,0.0,0.0,0.0
B*38:01,0.00219,0.00263,0.0028,0.01022,0.0026,0.01818,0.02087,0.00174,0.001,0.00124,0.03688,0.01828,0.00412,0.01993,0.00431,0.00192
B*38:02,7e-05,0.00012,0.00693,0.00027,0.00062,9e-05,4e-05,0.12719,0.00325,0.00961,0.0002,0.00034,0.04,0.00023,0.01512,0.05843
B*38:03,0.0,0.0,0.0,0.0,0.0,0.0,0.0,0.0,0.0,0.0,0.0,1e-05,0.0,1e-05,0.0,0.0
B*38:04,0.0,0.0,0.0,0.0,0.0,0.0,0.0,0.0,0.0,0.0,0.0,0.0,0.0,0.0,2e-05,0.0
B*38:05,0.0,0.0,0.0,0.0,0.0,0.0,0.0,0.0,0.0,0.0,0.0,0.0,0.0,0.0,0.0,0.0
B*38:06,0.0,2e-05,0.0,0.00013,0.0,0.0,0.0,0.0,0.0,0.0,0.0,0.0,0.0,0.0,0.0,0.0
B*38:07,0.0,0.0,0.0,0.0,0.0,0.0,0.0,0.0,0.0,0.0,0.0,0.0,0.0,0.0,0.0,0.0
B*38:09,0.0,0.0,0.0,0.0,0.0,0.0,2e-05,0.0,0.0,0.0,1e-05,0.0,0.0,0.0,0.0,0.0
B*38:10,0.0,0.0,0.0,0.0,0.0,0.0,0.0,0.0,0.0,0.0,0.0,0.0,0.0,0.0,0.0,0.0
B*38:11,0.0,0.0,0.0,0.0,0.0,0.0,0.0,0.0,0.0,0.0,0.0,0.0,0.0,0.0,0.0,0.0
B*38:12,0.0,0.0,0.0,0.0,0.0,0.0,0.0,0.0,0.0,0.0,1e-05,0.0,0.0,0.0,0.0,0.0
B*38:13,0.0,0.0,0.0,0.0,0.0,0.0,0.0,0.0,0.0,0.0,0.0,0.0,0.0,0.0,0.0,0.0
B*38:14,0.0,0.0,0.0,0.0,0.0,0.0,0.0,0.0,0.0,0.0,0.0,0.0,0.0,0.0,0.0,0.0
B*38:15,0.0,0.0,0.0,0.0,0.0,0.0,0.0,0.0,0.0,0.0,0.0,0.0,1e-05,0.0,0.0,0.0
B*38:20,0.0,0.0,0.0,0.0,0.0,0.0,0.0,0.0,0.0,0.0,0.0,0.0,1e-05,0.0,0.0,0.0
B*39:01,0.00316,0.00184,0.00548,0.03388,0.00183,0.00739,0.01123,0.01074,0.03032,0.01461,0.00976,0.00815,0.01925,0.00732,0.00742,0.00873
B*39:02,5e-05,1e-05,1e-05,0.00028,0.00014,0.00109,3e-05,0.0001,0.00327,1e-05,2e-05,0.00569,3e-05,0.00451,1e-05,0.0
B*39:03,4e-05,9e-05,1e-05,3e-05,0.00014,0.0001,5e-05,3e-05,0.0,0.0,0.00023,0.00014,3e-05,0.00082,0.0,0.0
B*39:04,0.0,1e-05,0.0,0.0,5e-05,0.0,0.0,0.0,0.00169,0.00035,1e-05,2e-05,1e-05,1e-05,0.0,0.0
B*39:05,0.00015,4e-05,2e-05,0.00085,0.00059,0.01091,0.00014,0.00027,8e-05,0.00013,0.00028,0.0322,0.002,0.02323,0.00028,0.00376
B*39:06,0.00144,0.00088,0.00106,0.01759,0.00101,0.00549,0.00635,0.0004,0.00022,6e-05,0.00405,0.02869,0.0001,0.01458,0.00102,8e-05
B*39:07,0.0,0.0,0.0,0.0,0.0,3e-05,0.0,0.0,0.0,1e-05,0.0,2e-05,0.0,0.00018,0.0,0.0
B*39:08,1e-05,0.0,1e-05,0.0001,6e-05,0.00029,1e-05,0.0,0.0,0.0,3e-05,0.00268,1e-05,0.00542,0.0,1e-05
B*39:09,1e-05,2e-05,0.00019,6e-05,6e-05,0.0004,1e-05,0.00039,4e-05,1e-05,2e-05,0.00017,0.00086,0.00212,0.00216,0.00454
B*39:10,0.0081,0.01143,4e-05,0.00032,0.00943,0.00102,7e-05,4e-05,1e-05,3e-05,0.00075,0.00038,2e-05,0.00088,9e-05,2e-05
B*39:11,0.0,0.0,0.0,0.0,9e-05,0.00029,1e-05,0.0,0.0,0.0,3e-05,0.00063,0.0,0.00355,0.0,0.0
B*39:12,0.0,0.0,0.0,0.0,2e-05,6e-05,0.0,0.0,0.0,0.0,0.0,1e-05,0.0,0.00032,0.0,0.0
B*39:13,2e-05,0.0,0.0,0.0,3e-05,0.00049,0.0,0.0,0.0,0.0,0.0,3e-05,0.0,0.0009,0.0,0.0
B*39:14,0.0,0.0,0.0,1e-05,0.0,5e-05,0.0,0.0,0.0,0.0,1e-05,2e-05,0.0,0.0006,0.0,0.0
B*39:15,2e-05,0.0,1e-05,1e-05,0.0,0.0,0.0,0.00135,2e-05,1e-05,0.0,0.0,0.00022,0.0,0.00067,0.00085
B*39:16,0.0,0.0,0.0,0.0,0.0,0.0,0.0,0.0,0.0,0.0,0.0,0.0,0.0,0.0,0.0,0.0
B*39:18,0.0,0.0,0.0,0.0,0.0,0.0,0.0,0.0,0.0,0.0,0.0,0.0,0.0,0.0,0.0,0.0
B*39:19,0.0,0.0,0.0,0.0,0.0,0.0,0.0,0.0,0.0,0.0,0.0,0.0,0.0,1e-05,0.0,0.0
B*39:20,2e-05,0.0,0.0,0.0,2e-05,1e-05,0.0,0.0,0.0,0.0,0.0,0.00012,0.0,6e-05,0.0,0.0
B*39:22,0.0,0.0,0.0,0.0,0.0,3e-05,0.0,0.0,0.0,0.0,0.0,1e-05,0.0,0.00014,0.0,0.0
B*39:23,0.0,1e-05,0.0,0.0,0.0,0.0,0.0,0.0,0.0,1e-05,0.0,0.0,0.0,0.0,1e-05,0.0
B*39:24,0.00011,0.00037,6e-05,8e-05,0.00014,5e-05,0.0003,0.0,0.0,3e-05,0.00126,6e-05,0.0,9e-05,0.0,0.0
B*39:26,0.0,0.0,0.0,0.0,0.0,0.0,0.0,0.0,0.0,0.0,0.0,0.0,0.0,0.0,0.0,0.0
B*39:28,0.0,0.0,0.0,0.0,0.0,0.0,0.0,0.0,0.0,0.0,0.0,0.0,0.0,0.0,0.0,0.0
B*39:29,0.0,0.0,0.0,0.0,0.0,0.0,0.0,0.0,0.0,0.0,1e-05,0.0,0.0,0.0,0.0,0.0
B*39:31,1e-05,0.0,2e-05,0.0,0.0,0.0,7e-05,0.0,0.0,0.0,0.00024,0.0,0.0,0.0,0.0,0.0
B*39:33,0.0,0.0,0.0,0.0,0.0,0.0,0.0,0.0,0.0,0.0,0.0,0.0,0.0,0.0,0.0,0.0
B*39:34,0.0,0.0,0.0,0.0,0.0,0.0,0.0,0.0,0.0,0.0,0.0,0.0,0.0,0.0,0.0,0.0
B*39:35,0.0,0.0,0.0,1e-05,0.0,0.0,0.0,0.0,0.0,0.0,0.0,0.0,0.0,0.0,0.0,0.0
B*39:36,0.0,0.0,0.0,0.0,0.0,0.0,0.0,0.0,0.0,0.0,0.0,0.0,1e-05,0.0,0.0,0.0
B*39:37,0.0,0.0,0.0,0.0,0.0,0.0,0.0,0.0,0.0,0.0,0.0,2e-05,0.0,3e-05,0.0,0.0
B*39:38,0.0,0.0,0.0,0.0,0.0,0.0,0.0,0.0,0.0,0.0,0.0,0.0,2e-05,0.0,0.0,0.0
B*39:39,0.0,0.0,0.0,0.0,0.0,0.0,0.0,0.0,0.0,0.0,0.0,2e-05,0.0,3e-05,0.0,0.0
B*39:47,0.0,0.0,0.0,0.0,0.0,0.0,0.0,2e-05,0.0,0.0,0.0,0.0,0.0,0.0,0.0,0.0
B*39:49,0.0,0.0,0.0,0.0,0.0,0.0,0.0,0.0,0.0,0.0,0.0,0.0,0.0,0.0,2e-05,1e-05
B*39:52,0.0,2e-05,0.0,0.0,0.0,0.0,0.0,0.0,1e-05,0.0,0.0,0.0,0.0,0.0,0.0,0.0
B*39:54,0.0,0.0,0.0,0.0,0.0,0.0,0.0,0.0,0.0,0.0,0.0,0.0,0.0,1e-05,0.0,0.0
B*40:01,0.01282,0.00871,0.02208,0.05179,0.00966,0.01697,0.05282,0.09236,0.06026,0.04202,0.02065,0.0143,0.15375,0.01437,0.04495,0.05332
B*40:02,0.00334,0.00273,0.00296,0.03099,0.00346,0.03014,0.01263,0.07713,0.07658,0.04671,0.00931,0.05733,0.01726,0.04782,0.00692,0.00761
B*40:03,1e-05,2e-05,1e-05,0.0,3e-05,0.00063,0.0,0.00017,0.00263,0.00684,0.0,3e-05,0.00126,0.0002,0.00013,0.00019
B*40:04,2e-05,0.0,2e-05,0.0,0.00024,0.00428,2e-05,0.0,0.0,1e-05,1e-05,0.00018,0.0,0.00408,0.0,0.0
B*40:05,2e-05,0.0,1e-05,0.00307,0.0,0.00016,4e-05,6e-05,0.0001,0.0,4e-05,0.00828,3e-05,0.00212,0.0,0.0
B*40:06,0.00041,0.00047,0.09142,0.00061,0.00297,0.00089,0.00032,0.00461,0.04447,0.03364,0.00372,0.0013,0.01717,0.00134,0.06337,0.011
B*40:07,0.0,1e-05,0.0,0.0,0.0,0.0,0.0,0.0,8e-05,1e-05,1e-05,0.0,0.0,0.0,0.0,0.0
B*40:08,3e-05,0.0,0.0,0.00013,0.00012,0.00042,3e-05,6e-05,4e-05,1e-05,4e-05,0.00392,1e-05,0.00264,4e-05,0.0
B*40:09,0.0,0.0,0.0,0.0,0.0,0.0,0.0,0.0,2e-05,0.0,0.0,1e-05,0.0,1e-05,0.0,0.0
B*40:10,0.0,0.0,0.0,0.0,0.0,0.0,0.0,0.0065,0.00012,0.0,1e-05,0.0,3e-05,0.0,0.00011,2e-05
B*40:106,0.0,1e-05,0.0,0.0,0.0,0.0,0.0,0.0,0.0,0.0,0.0,0.0,0.0,0.0,0.0,0.0
B*40:107,0.0,0.0,0.0,0.0,0.0,0.0,0.0,0.0,0.0,0.0,0.0,0.0,0.0,0.0,0.0,0.0
B*40:11,0.0,0.0,0.0,8e-05,0.0,0.0001,1e-05,2e-05,6e-05,2e-05,2e-05,0.00184,3e-05,0.00105,2e-05,0.0
B*40:110,0.0,0.0,1e-05,0.0,0.0,0.0,0.0,0.0,0.0,0.0,0.0,0.0,0.0,0.0,0.0,0.0
B*40:111,0.0,0.0,0.0,0.0,0.0,0.0,0.0,0.0,0.0,0.0,0.0,0.0,0.0,0.0,0.0,0.0
B*40:113,0.0,0.0,0.0,0.0,0.0,0.0,0.0,0.0,0.0,0.0,0.0,0.0,0.0,0.0,0.0,0.0
B*40:114,0.0,0.0,0.0,0.0,0.0,0.0,0.0,0.0,0.0,0.0,0.0,0.0,0.0,0.0,0.0,0.0
B*40:117,0.0,0.0,0.0,0.0,0.0,0.0,0.0,0.0,0.0,0.0,0.0,0.0,1e-05,0.0,0.0,0.0
B*40:12,0.00085,0.00121,0.0,0.0,0.00088,5e-05,0.0,0.0,0.0,0.0,0.00011,4e-05,0.0,0.0,0.0,0.0
B*40:120,0.0,0.0,0.0,0.0,0.0,0.0,0.0,0.0,0.0,0.0,0.0,0.0,0.0,0.0,0.0,0.0
B*40:121,0.0,0.0,0.0,0.0,0.0,0.0,0.0,0.0,0.0,0.0,0.0,0.0,0.0,0.0,0.0,0.0
B*40:122,0.0,0.0,0.0,0.0,0.0,0.0,0.0,0.0,0.0,0.0,0.0,0.0,0.0,2e-05,0.0,0.0
B*40:123,0.0,0.0,0.0,0.0,0.0,0.0,0.0,0.0,0.0,0.0,0.0,0.0,0.0,1e-05,0.0,0.0
B*40:124,0.0,0.0,0.0,2e-05,0.0,0.0,0.0,0.0,0.0,0.0,0.0,0.0,0.0,0.0,0.0,0.0
B*40:125,0.0,0.0,0.0,0.0,0.0,0.0,0.0,0.0,0.0,0.0,0.0,0.0,0.0,0.0,0.0,0.0
B*40:126,0.0,0.0,0.0,2e-05,0.0,0.0,1e-05,1e-05,0.0,0.0,0.0,0.0,4e-05,0.0,0.0,0.0
B*40:127,0.0,0.0,0.0,0.0,0.0,0.0,0.0,0.0,0.0,0.0,0.0,0.0,0.0,0.0,0.0,0.0
B*40:128,0.0,0.0,1e-05,0.0,0.0,0.0,0.0,0.0,0.0,0.0,0.0,0.0,0.0,0.0,0.0,0.0
B*40:129,0.0,0.0,0.0,0.0,0.0,0.0,0.0,0.0,6e-05,0.0,0.0,0.0,0.0,0.0,0.0,0.0
B*40:13,0.0,0.0,0.0,0.0,0.0,0.0,0.0,0.0,0.0,0.0,0.0,0.0,0.0,3e-05,0.0,0.0
B*40:130,0.0,0.0,0.0,0.0,0.0,0.0,0.0,0.0,0.0,0.0,0.0,0.0,0.0,0.0,0.0,0.0
B*40:134,0.0,0.0,0.0,0.0,0.0,0.0,0.0,0.0,0.0,0.0,0.0,0.0,1e-05,0.0,0.0,0.0
B*40:135,0.0,0.0,0.0,0.0,0.0,0.0,0.0,0.0,0.0,0.0,0.0,0.0,0.0,0.0,0.0,0.0
B*40:136,0.0,0.0,0.0,0.0,0.0,0.0,0.0,0.0,0.0,0.0,1e-05,0.0,0.0,0.0,0.0,0.0
B*40:137,0.0,0.0,0.0,0.0,0.0,0.0,0.0,0.0,0.0,0.0,0.0,0.0,0.0,0.0,0.0,0.0
B*40:14,0.0,0.0,0.0,1e-05,2e-05,0.0,1e-05,0.0,0.0,0.0,0.0,0.0,0.0,0.0,0.0,0.0
B*40:140,0.0,0.0,0.0,0.0,0.0,0.0,0.0,0.0,0.0,0.0,0.0,0.0,0.0,0.0,0.0,0.0
B*40:143,0.0,0.0,0.0,0.0,0.0,0.0,0.0,0.0,0.0,0.0,0.0,0.0,0.0,0.0,0.0,0.0
B*40:146,0.0,0.0,1e-05,0.0,0.0,0.0,0.0,0.0,0.0,0.0,0.0,0.0,0.0,0.0,0.0,0.0
B*40:148,0.0,0.0,1e-05,0.0,2e-05,0.0,0.0,0.0,0.0,0.0,0.0,0.0,0.0,0.0,0.0,0.0
B*40:15,0.0,0.0,0.0,0.0,0.0,0.0,0.0,0.0,0.0,0.0,0.0,0.0,0.0,0.0,0.0,0.0
B*40:153,0.0,0.0,0.0,0.0,0.0,0.0,0.0,0.0,0.0,0.0,0.0,0.0,0.0,0.0,0.0,0.0
B*40:157,0.0,0.0,0.0,0.0,0.0,0.0,0.0,1e-05,0.0,0.0,0.0,0.0,0.0,0.0,0.0,0.0
B*40:158,0.0,0.0,0.0,0.0,0.0,0.0,0.0,0.0,0.0,0.0,0.0,0.0,0.0,0.0,0.0,0.0
B*40:16,0.00021,0.00019,0.0,0.0,0.00027,6e-05,0.0,0.0,0.0,0.0,1e-05,4e-05,0.0,4e-05,0.0,0.0
B*40:162,0.0,0.0,0.0,0.0,0.0,0.0,0.0,0.0,0.0,1e-05,0.0,0.0,0.0,0.0,0.0,0.0
B*40:18,0.0,0.0,0.0,0.0,0.0,0.0,0.0,0.0,0.0,1e-05,0.0,0.0,0.0,0.0,0.0,0.0
B*40:19,0.0,0.0,0.0,0.0,0.0,0.0,0.0,0.0,0.0,0.0,4e-05,0.0,0.0,0.0,0.0,0.0
B*40:20,0.0,0.0,0.0,1e-05,0.0,4e-05,0.0,0.0,2e-05,2e-05,0.0,0.00039,0.0,0.00012,0.0,0.0
B*40:21,0.0,0.0,0.0,0.0,0.0,0.0,0.0,0.0,0.0,2e-05,0.0,0.0,0.0,0.0,0.0,0.0
B*40:23,0.0,0.0,0.00095,1e-05,0.0,0.0,0.0,1e-05,0.0,0.0,1e-05,0.0,0.0,0.0,0.00086,0.0
B*40:25,0.0,0.0,0.0,0.0,0.0,0.0,0.0,2e-05,0.0,0.0,0.0,0.0,0.0,0.0,0.0,0.0
B*40:26,0.0,0.0,9e-05,0.0,0.0,0.0,0.0,0.0,0.0,0.0,1e-05,0.0,0.0,0.0,0.00011,0.0
B*40:27,0.0,0.0,0.0,6e-05,0.0,0.00015,1e-05,2e-05,1e-05,3e-05,1e-05,0.00112,1e-05,0.00059,0.0,0.0
B*40:28,0.0,0.0,0.0,0.0,0.0,0.0,0.0,0.0,0.0,0.0,0.0,0.0,0.0,1e-05,0.0,0.0
B*40:29,0.0,0.0,0.0,0.0,0.0,0.0,0.0,0.0,2e-05,0.0,0.0,0.0,0.0,0.0,0.0,0.0
B*40:30,1e-05,0.0,0.0,1e-05,0.0,0.0,0.0,0.0,0.0,0.0,0.0,0.0,0.0,0.0,0.0,0.0
B*40:31,0.0,0.0,0.0,0.0,0.0,0.0,0.0,0.0,0.0,0.0,1e-05,0.0,0.0,0.0,0.0,0.0
B*40:32,0.0,0.0,0.0,0.0,0.0,0.0,1e-05,0.0,0.0,0.0,1e-05,0.0,0.0,0.0,0.0,0.0
B*40:33,0.0,0.0,0.0,1e-05,0.0,0.0,1e-05,0.0,0.0,0.0,0.0,0.0,1e-05,0.0,0.0,1e-05
B*40:34,0.0,0.0,0.0,0.0,0.0,0.0,0.0,0.0,0.0,0.0,0.0,0.0,0.0,0.0,0.0,0.0
B*40:36,0.0,0.0,0.0,0.0,0.0,0.0,0.0,0.0,0.0,0.0,0.0,0.0,1e-05,0.0,0.0,0.0
B*40:37,0.0,0.0,1e-05,0.0,0.0,0.0,0.0,0.0,0.0,0.0,0.0,1e-05,0.0,0.0,0.0,0.0
B*40:38,0.0,0.0,0.0,0.0,0.0,0.0,0.0,0.0,0.0,0.0,0.0,0.0,0.0,0.0,0.0,0.0
B*40:40,0.0,0.0,0.0,1e-05,0.0,0.0,0.0,0.0,0.0,3e-05,0.0,1e-05,0.00032,0.0,4e-05,0.0
B*40:42,0.0,0.0,0.0,0.0,0.0,0.0,0.0,0.0,0.0,1e-05,0.0,0.0,0.0,0.0,0.0,0.0
B*40:43,0.0,0.0,0.0,0.0,0.0,1e-05,0.0,0.0,0.0,0.0,0.0,0.0,0.0,0.0,0.0,0.0
B*40:44,0.0,0.0,1e-05,0.0,0.0,0.0,0.0,0.0,0.0,0.0,0.0,0.0,1e-05,0.0,0.0,0.0
B*40:45,0.0,0.0,0.0,0.0,0.0,0.0,0.0,1e-05,0.0,0.0,0.0,0.0,0.0,0.0,0.0,0.0
B*40:46,0.0,0.0,0.0,0.0,0.0,0.0,0.0,0.0,0.0,0.0,0.0,0.0,0.0,0.0,0.0,0.0
B*40:48,0.0,0.0,0.0,0.0,0.0,0.0,0.0,0.0,0.0,0.0,0.0,0.0,4e-05,0.0,0.0,0.0
B*40:50,0.0,0.0,0.00025,0.0,2e-05,0.0,0.0,0.0,4e-05,0.0,1e-05,0.0,0.0,0.0,9e-05,0.0
B*40:52,0.0,0.0,0.0,1e-05,0.0,0.0,0.0,0.0,0.0,0.0,0.0,0.0,0.0,0.0,0.0,0.0
B*40:54,0.0,0.0,0.0,0.0,0.0,0.0,0.0,0.0,2e-05,0.0,0.0,0.0,0.0,0.0,0.0,0.0
B*40:59,0.0,0.0,0.0,0.0,0.0,0.0,0.0,0.0,0.0,0.0,0.0,0.0,0.0,0.0,0.0,0.0
B*40:60,0.0,0.0,0.0,0.0,0.0,0.0,0.0,0.0,0.0,0.0,0.0,0.0,0.0,0.0,0.0,0.0
B*40:63,0.0,0.0,0.0,0.0,0.0,0.0,0.0,0.0,0.0,0.0,0.0,0.0,1e-05,0.0,0.0,1e-05
B*40:64,0.0,0.0,0.0,0.0,0.0,1e-05,0.0,0.0,0.0,0.0,0.0,0.0,0.0,2e-05,0.0,0.0
B*40:65,0.0,0.0,0.0,0.0,0.0,0.0,0.0,0.0,0.0,1e-05,0.0,0.0,0.0,0.0,0.0,0.0
B*40:67,0.0,0.0,0.0,0.0,0.0,0.0,0.0,0.0,0.0,0.0,0.0,0.0,0.0,0.0,0.0,0.0
B*40:73,0.0,0.0,0.0,0.0,0.0,0.0,0.0,0.0,0.0,1e-05,0.0,0.0,0.0,0.0,0.0,0.0
B*40:74,0.0,0.0,0.0,0.0,0.0,0.0,0.0,0.0,0.0,0.0,0.0,0.0,0.0,0.0,0.0,0.0
B*40:76,0.0,0.0,0.0,0.0,0.0,0.0,0.0,0.0,0.0,0.0,0.0,0.0,2e-05,0.0,0.0,0.0
B*40:78,0.0,0.0,0.0,0.0,0.0,0.0,0.0,0.0,0.0,0.0,0.0,0.0,1e-05,0.0,0.0,0.0
B*40:79,0.0,0.0,0.0,0.0,0.0,0.0,0.0,0.0,0.0,0.0,0.0,0.0,0.0,0.0,0.0,0.0
B*40:80,0.0,0.0,0.0,0.0,0.0,0.0,0.0,0.0,0.0,0.0,0.0,0.0,0.0,0.0,0.0,0.0
B*40:83,0.0,0.0,1e-05,0.0,0.0,0.0,0.0,0.0,0.0,0.0,0.0,0.0,0.0,0.0,0.0,0.0
B*40:87,0.0,0.0,0.0,0.0,0.0,0.0,0.0,0.0,0.0,0.0,0.0,0.0,0.0,0.0,0.0,0.0
B*40:89,0.0,0.0,0.0,0.0,0.0,0.0,0.0,0.0,1e-05,1e-05,0.0,1e-05,1e-05,0.0,0.0,0.0
B*40:90,0.0,0.0,0.0,1e-05,0.0,0.0,0.0,0.0,0.0,0.0,0.0,0.0,0.0,0.0,0.0,0.0
B*40:94,0.0,0.0,0.0,0.0,0.0,0.0,0.0,0.0,0.0,0.0,0.0,0.0,0.0,0.0,0.0,0.0
B*40:95,0.0,0.0,1e-05,0.0,0.0,0.0,0.0,1e-05,0.0,0.0,0.0,0.0,0.0,0.0,0.0,0.0
B*40:99,0.0,0.0,0.0,0.0,0.0,0.0,0.0,2e-05,0.0,0.0,0.0,0.0,0.0,0.0,0.0,0.0
B*41:01,0.00298,0.00837,0.00347,0.00278,0.00264,0.00988,0.00428,0.00098,0.00039,8e-05,0.02687,0.00992,0.00038,0.01006,0.00358,0.00085
B*41:02,0.00562,0.00577,0.00058,0.00306,0.00437,0.00921,0.00496,0.00035,0.00012,3e-05,0.00783,0.00416,6e-05,0.00515,0.00091,9e-05
B*41:03,0.00063,0.00065,0.0,0.0,0.00045,6e-05,0.0,0.0,0.0,0.0,0.0,3e-05,0.0,3e-05,0.0,0.0
B*41:04,0.0,2e-05,0.0,0.0,2e-05,0.0,0.0,0.0,0.0,0.0,0.0,0.0,0.0,0.0,0.0,0.0
B*41:05,0.0,0.0,0.0,0.0,0.0,0.0,0.0,0.0,0.0,0.0,0.0,0.0,0.0,0.0,0.0,0.0
B*41:06,0.0,0.0,0.0,0.0,0.0,0.0,0.0,0.0,0.0,0.0,1e-05,1e-05,0.0,1e-05,0.0,0.0
B*41:07,0.0,0.0,0.0,0.0,0.0,3e-05,0.0,0.0,0.0,0.0,0.0,0.0,0.0,2e-05,0.0,0.0
B*41:09,0.0,0.0,0.0,0.0,0.0,0.0,0.0,0.0,0.0,0.0,1e-05,0.0,0.0,0.0,0.0,0.0
B*41:14,0.0,0.0,0.0,0.0,0.0,0.0,0.0,0.0,0.0,0.0,1e-05,0.0,0.0,0.0,0.0,0.0
B*41:15,0.0,0.0,0.0,0.0,0.0,0.0,0.0,0.0,0.0,0.0,0.0,0.0,0.0,0.0,0.0,0.0
B*41:16,0.0,0.0,0.0,0.0,0.0,0.0,0.0,0.0,0.0,0.0,0.0,0.0,0.0,0.0,0.0,0.0
B*42:01,0.05311,0.04958,0.00011,0.00169,0.05335,0.01444,0.00028,0.0002,6e-05,4e-05,0.0014,0.00341,7e-05,0.00677,0.00016,9e-05
B*42:02,0.00732,0.00703,2e-05,0.00024,0.00756,0.00311,0.00013,0.00013,0.0,0.0,0.00028,0.00101,3e-05,0.00187,5e-05,2e-05
B*42:04,0.0,0.0,0.0,0.0,0.0,0.0,0.0,0.0,0.0,0.0,0.0,0.0,0.0,0.0,0.0,0.0
B*42:05,0.0,2e-05,0.0,0.0,0.0,0.0,1e-05,0.0,0.0,0.0,1e-05,0.0,0.0,0.0,0.0,0.0
B*42:06,0.0,0.0,0.0,0.0,0.0,0.0,0.0,0.0,0.0,0.0,0.0,0.0,0.0,0.0,0.0,0.0
B*42:07,0.0,0.0,0.0,0.0,0.0,0.0,0.0,0.0,0.0,0.0,0.0,0.0,0.0,0.0,0.0,0.0
B*42:08,1e-05,0.0,0.0,0.0,0.0,0.0,0.0,0.0,0.0,0.0,0.0,0.0,0.0,0.0,0.0,0.0
B*42:09,1e-05,0.0,0.0,0.0,2e-05,0.0,0.0,0.0,0.0,0.0,0.0,0.0,0.0,0.0,0.0,0.0
B*42:10,0.0,0.0,0.0,0.0,0.0,0.0,0.0,0.0,0.0,0.0,0.0,0.0,0.0,0.0,0.0,0.0
B*42:13,0.0,0.0,0.0,0.0,2e-05,0.0,0.0,0.0,0.0,0.0,0.0,0.0,0.0,0.0,0.0,0.0
B*44:02,0.02083,0.01305,0.00816,0.07443,0.01584,0.04241,0.09522,0.00539,0.00751,0.01619,0.05417,0.04127,0.00377,0.04031,0.00853,0.00152
B*44:03,0.04587,0.04243,0.07397,0.03777,0.05766,0.08937,0.04668,0.01551,0.06045,0.08497,0.03004,0.047,0.01405,0.05517,0.06086,0.02748
B*44:04,0.00012,5e-05,0.0,0.00038,0.00014,0.00019,0.0006,5e-05,2e-05,1e-05,0.00013,0.00013,1e-05,0.00031,0.0,2e-05
B*44:05,0.00029,0.00018,4e-05,0.00144,0.00033,0.0008,0.00286,0.00013,0.0001,4e-05,0.00409,0.00109,5e-05,0.0013,0.00013,0.0
B*44:06,0.0,2e-05,0.00026,0.0,0.0,3e-05,4e-05,1e-05,0.0,0.0,0.00025,8e-05,0.0,4e-05,0.00023,0.0
B*44:07,9e-05,0.00014,0.0,0.0,8e-05,0.0,0.0,0.0,0.0,0.0,0.0,0.0,0.0,0.0,0.0,0.0
B*44:08,1e-05,0.0,0.0,4e-05,0.0,0.0,3e-05,0.0,0.0,0.0,1e-05,1e-05,0.0,0.0,0.0,0.0
B*44:09,2e-05,0.0,0.0,6e-05,0.0,0.0,6e-05,0.0,0.0,0.0,3e-05,1e-05,0.0,0.0,0.0,0.0
B*44:10,0.00153,0.00122,1e-05,3e-05,0.00092,0.00013,1e-05,0.0,0.0,0.0,1e-05,9e-05,0.0,0.00015,0.0,0.0
B*44:103,0.0,0.0,0.0,0.0,0.0,0.0,0.0,0.0,0.0,0.0,0.0,0.0,0.0,0.0,0.0,0.0
B*44:108,0.0,0.0,0.0,0.0,0.0,0.0,0.0,0.0,0.0,0.0,0.0,0.0,0.0,0.0,0.0,0.0
B*44:11,0.0,0.0,0.0,0.0,0.0,0.0,0.0,0.0,0.0,0.0,0.0,0.0,0.0,0.0,0.0,0.0
B*44:111,0.0,0.0,0.0,0.0,0.0,0.0,0.0,0.0,0.0,0.0,0.0,0.0,0.0,0.0,0.0,0.0
B*44:114,0.0,0.0,0.0,0.0,0.0,0.0,0.0,0.0,0.0,0.0,0.0,0.0,0.0,0.0,0.0,0.0
B*44:12,0.0,0.0,0.0,0.0,0.0,0.0,0.0,0.0,0.0,0.0,0.0,0.0,0.0,1e-05,0.0,0.0
B*44:120,0.0,0.0,0.0,0.0,0.0,2e-05,0.0,0.0,0.0,0.0,0.0,1e-05,0.0,0.0,0.0,0.0
B*44:121,0.0,0.0,0.0,1e-05,0.0,0.0,0.0,0.0,0.0,0.0,0.0,0.0,0.0,0.0,0.0,0.0
B*44:126,0.0,0.0,0.0,1e-05,0.0,0.0,0.0,0.0,0.0,0.0,0.0,0.0,0.0,0.0,0.0,0.0
B*44:13,0.0,0.0,0.0,0.0,0.0,0.0,0.0,0.0,0.0,0.0,0.0,0.0,0.0,0.0,0.0,0.0
B*44:14,0.0,0.0,0.0,0.0,0.0,0.0,0.0,0.0,0.0,0.0,0.0,0.0,0.0,0.0,0.0,0.0
B*44:15,1e-05,0.00074,0.0,0.0,2e-05,0.0,0.0,0.0,0.0,0.0,0.0,0.0,0.0,0.0,0.0,0.0
B*44:17,0.0,0.0,0.0,0.0,0.0,0.0,1e-05,0.0,0.0,0.0,0.0,0.0,0.0,0.0,0.0,0.0
B*44:18,5e-05,2e-05,0.0,0.0,0.0,0.0,0.0,0.0,0.0,0.0,0.0,0.0,0.0,0.0,0.0,0.0
B*44:20,0.0,0.0,0.0,0.0,0.0,0.0,1e-05,0.0,0.0,0.0,0.0,0.0,0.0,0.0,0.0,0.0
B*44:21,0.0,0.0,0.0,3e-05,0.0,3e-05,1e-05,0.0,0.0,0.0,4e-05,0.0,0.0,1e-05,0.0,0.0
B*44:22,0.0,0.0,0.0,0.0,0.0,0.0,0.0,0.0,0.0,0.0,0.0,0.0,0.0,0.0,0.0,0.0
B*44:23,0.0,0.0,0.0,1e-05,0.0,0.0,0.0,0.0,0.0,0.0,0.0,0.0,0.0,0.0,0.0,0.0
B*44:24,0.0,0.0,0.0,1e-05,0.0,0.0,1e-05,0.0,0.0,0.0,0.0,0.0,0.0,0.0,0.0,0.0
B*44:25,0.0,0.0,0.0,0.0,0.0,0.0,0.0,0.0,0.0,0.0,6e-05,0.0,0.0,0.0,0.0,0.0
B*44:28,0.0,0.0,0.0,0.0,2e-05,0.0,0.0,0.0,0.0,0.0,0.0,0.0,0.0,0.0,0.0,0.0
B*44:29,0.0,0.0,0.0,1e-05,0.0,1e-05,3e-05,2e-05,0.0,0.0,0.00012,1e-05,0.0,0.0,2e-05,0.0
B*44:30,0.0,0.0,0.0,0.0,0.0,1e-05,0.0,0.0,0.0,0.0,0.0,0.0,0.0,1e-05,0.0,0.0
B*44:32,0.0,0.0,0.0,0.0,0.0,0.0,0.0,0.0,0.0,0.0,0.0,0.0,0.0,0.0,0.0,0.0
B*44:34,0.0,0.0,0.0,0.0,0.0,0.0,0.0,0.0,0.0,0.0,0.0,0.0,0.0,0.0,0.0,0.0
B*44:36,0.0,0.0,0.0,0.0,0.0,0.0,0.0,0.0,0.0,0.0,0.0,0.0,0.0,0.0,0.0,0.0
B*44:37,0.0,0.0,1e-05,0.0,0.0,0.0,0.0,0.0,0.0,0.0,0.0,0.0,0.0,0.0,0.0,0.0
B*44:40,0.0,0.0,0.0,0.0,0.0,0.0,0.0,0.0,0.0,0.0,0.0,0.0,0.0,0.0,0.0,0.0
B*44:41,0.0,0.0,0.0,0.0,0.0,0.0,0.0,0.0,0.0,0.0,0.0,0.0,0.0,0.0,0.0,0.0
B*44:42,0.0,0.0,0.0,0.0,0.0,0.0,0.0,0.0,0.0,0.0,1e-05,0.0,0.0,0.0,0.0,0.0
B*44:43,0.0,0.0,0.0,0.0,0.0,0.0,0.0,0.0,0.0,0.0,0.0,0.0,0.0,0.0,0.0,1e-05
B*44:47,0.0,0.0,1e-05,0.0,0.0,0.0,0.0,0.0,0.0,0.0,0.0,0.0,0.0,0.0,0.0,0.0
B*44:50,1e-05,0.0,0.0,0.0,0.0,0.0,0.0,0.0,0.0,0.0,0.0,0.0,0.0,1e-05,0.0,0.0
B*44:51,0.0,0.0,0.0,0.0,0.0,0.0,0.0,0.0,0.0,0.0,3e-05,0.0,0.0,0.0,0.0,0.0
B*44:53,0.0,0.0,0.0,0.0,0.0,0.0,0.0,0.0,0.0,0.0,0.0,0.0,0.0,0.0,0.0,0.0
B*44:54,0.0,0.0,0.0,0.0,0.0,0.0,0.0,0.0,0.0,0.0,0.0,0.0,0.0,0.0,0.0,0.0
B*44:55,0.0,0.0,0.0,0.0,0.0,0.0,0.0,0.0,0.0,0.0,0.0,0.0,0.0,0.0,0.0,0.0
B*44:56,0.0,0.0,0.0,0.0,0.0,0.0,0.0,0.0,0.0,0.0,0.0,0.0,0.0,0.0,0.0,0.0
B*44:59,0.0,0.0,0.0,0.0,0.0,0.0,0.0,0.0,0.0,0.0,0.0,0.0,0.0,0.0,0.0,0.0
B*44:60,0.0,0.0,0.0,0.0,0.0,0.0,0.0,0.0,0.0,0.0,1e-05,0.0,0.0,0.0,0.0,0.0
B*44:62,0.0,0.0,0.0,0.0,0.0,0.0,0.0,0.0,0.0,0.0,0.0,0.0,0.0,0.0,0.0,0.0
B*44:63,0.0,0.0,0.0,0.0,0.0,0.0,0.0,0.0,0.0,0.0,0.0,0.0,0.0,0.0,0.0,0.0
B*44:64,0.0,0.0,1e-05,0.0,0.0,0.0,0.0,0.0,0.0,0.0,0.0,0.0,0.0,0.0,0.0,0.0
B*44:65,0.0,0.0,0.0,0.0,0.0,0.0,0.0,0.0,0.0,0.0,0.0,0.0,0.0,0.0,0.0,0.0
B*44:74,0.0,0.0,0.0,0.0,0.0,0.0,0.0,0.0,0.0,0.0,0.0,0.0,0.0,0.0,0.0,0.0
B*44:76,0.0,0.0,0.0,0.0,0.0,0.0,0.0,0.0,0.0,0.0,0.0,0.0,0.0,0.0,0.0,1e-05
B*44:79,0.0,0.0,0.0,0.0,0.0,0.0,0.0,0.0,0.0,0.0,0.0,0.0,0.0,0.0,0.0,0.0
B*44:82,0.0,0.0,0.0,0.0,0.0,0.0,0.0,0.0,0.0,0.0,0.0,0.0,0.0,0.0,0.0,0.0
B*44:83,0.0,0.0,0.0,0.0,0.0,0.0,0.0,0.0,0.0,0.0,1e-05,0.0,0.0,0.0,5e-05,0.0
B*44:84,0.0,0.0,0.0,0.0,0.0,0.0,0.0,0.0,0.0,0.0,1e-05,0.0,0.0,0.0,0.0,0.0
B*44:87,0.0,0.0,0.0,0.0,0.0,0.0,0.0,0.0,0.0,0.0,0.0,0.0,0.0,0.0,0.0,0.0
B*44:88,0.0,0.0,0.0,0.0,0.0,0.0,0.0,0.0,0.0,0.0,0.0,0.0,0.0,0.0,0.0,0.0
B*44:92,0.0,0.0,0.0,0.0,0.0,0.0,0.0,0.0,0.0,0.0,0.0,0.0,0.0,0.0,0.0,0.0
B*44:96,0.0,0.0,0.0,0.0,0.0,0.0,0.0,0.0,0.0,0.0,0.0,0.0,0.0,0.0,0.0,0.0
B*45:01,0.04954,0.04445,0.00088,0.00633,0.04403,0.02626,0.00589,0.00104,0.00039,8e-05,0.00713,0.01449,0.00203,0.01707,0.00113,0.00014
B*45:02,4e-05,5e-05,0.0,0.0,0.0,0.0,0.0,0.0,0.0,0.0,0.0,0.0,0.0,0.0,0.0,0.0
B*45:03,0.0,2e-05,0.0,0.0,3e-05,0.0,0.0,0.0,0.0,0.0,0.0,1e-05,0.0,1e-05,0.0,0.0
B*45:04,0.0,0.0,0.0,0.0,0.0,0.0,0.0,0.0,0.0,0.0,0.0,0.0,0.0,0.0,0.0,0.0
B*45:06,0.0,0.0,0.0,0.0,0.0,0.0,0.0,0.0,0.0,0.0,0.0,0.0,0.0,0.0,0.0,0.0
B*45:09,0.0,0.0,0.0,0.0,3e-05,0.0,0.0,0.0,0.0,0.0,0.0,0.0,0.0,0.0,0.0,0.0
B*46:01,7e-05,7e-05,0.00102,0.00014,0.00062,0.00018,8e-05,0.02511,0.04102,0.05066,0.00033,0.0002,0.13428,0.00022,0.03405,0.11942
B*46:02,0.0,2e-05,0.0,0.0,0.0,0.0,0.0,0.0,0.0,0.0,0.0,0.0,0.0,0.0,0.0,1e-05
B*46:07,0.0,0.0,0.0,0.0,0.0,0.0,0.0,0.0,0.0,0.0,0.0,0.0,0.0,0.0,0.0,1e-05
B*46:08,0.0,0.0,0.0,0.0,0.0,0.0,0.0,0.0,0.0,0.0,0.0,0.0,1e-05,0.0,2e-05,0.0
B*46:11,0.0,0.0,0.0,0.0,0.0,0.0,0.0,0.0,0.0,0.0,0.0,0.0,0.0,0.0,0.0,7e-05
B*46:13,0.0,0.0,0.0,0.0,0.0,0.0,0.0,0.0,0.0,1e-05,0.0,0.0,0.0,0.0,0.0,0.0
B*46:20,0.0,7e-05,0.0,0.0,0.0,0.0,0.0,0.0,0.0,0.0,0.0,0.0,0.0,0.0,0.0,0.0
B*46:21,0.0,0.0,0.0,0.0,0.0,0.0,0.0,0.0,0.0,0.0,0.0,0.0,1e-05,0.0,0.0,0.0
B*46:22,0.0,0.0,0.0,0.0,0.0,0.0,0.0,0.0,0.0,0.0,0.0,0.0,0.0,0.0,0.0,2e-05
B*47:01,0.00101,0.00207,0.00059,0.00175,0.00074,0.00237,0.00269,0.00019,6e-05,0.00124,0.00335,0.00235,7e-05,0.00184,0.00045,1e-05
B*47:02,2e-05,0.00011,0.0,0.0,5e-05,0.0,1e-05,0.0,0.0,0.0,0.0001,0.0,0.0,0.0,0.0,0.0
B*47:03,0.00036,0.00105,0.0,4e-05,0.00033,2e-05,0.0,0.0,0.0,0.0,4e-05,0.0,0.0,2e-05,0.0,0.0
B*47:04,0.0,0.0,0.0,0.0,0.0,0.0,0.0,0.0,0.0,0.0,0.0,0.0,1e-05,0.0,0.0,0.0
B*47:05,0.0,2e-05,0.0,0.0,0.0,0.0,0.0,0.0,0.0,1e-05,0.0,0.0,0.0,0.0,0.0,0.0
B*47:06,0.0,0.0,0.0,0.0,0.0,0.0,0.0,0.0,0.0,0.0,0.0,0.0,0.0,0.0,0.0,0.0
B*47:07,0.0,0.0,0.0,0.0,0.0,0.0,0.0,0.0,0.0,0.0,0.0,0.0,0.0,0.0,0.0,1e-05
B*48:01,0.00045,0.00037,0.00368,0.01818,0.00041,0.00211,0.0007,0.02658,0.02711,0.03666,0.0009,0.02536,0.01314,0.01416,0.00438,0.00597
B*48:02,1e-05,0.0,0.0,1e-05,0.00021,0.00234,1e-05,1e-05,0.0,0.0,1e-05,0.00014,0.0,0.00126,0.0,0.0
B*48:03,0.0,4e-05,3e-05,6e-05,0.0,3e-05,0.0,0.00029,4e-05,4e-05,1e-05,0.00081,0.0048,0.00046,0.00051,0.00502
B*48:04,0.0,0.0,0.00356,0.0,5e-05,0.0,0.0,0.0,0.0,0.0,1e-05,1e-05,6e-05,0.0,0.00204,2e-05
B*48:05,2e-05,0.00012,0.0,0.0,0.0,0.0,0.0,0.0,0.0,0.0,0.0,0.0,0.0,0.0,0.0,0.0
B*48:06,0.0,0.0,0.0,0.0,0.0,0.0,0.0,0.0,0.0,0.0,0.0,1e-05,0.0,1e-05,0.0,0.0
B*48:07,0.0,0.0,0.0,0.00105,0.0,0.0,0.0,0.0,0.0,0.0,0.0,3e-05,0.0,1e-05,0.0,0.0
B*48:10,0.0,0.0,0.0,0.0,0.0,0.0,0.0,0.0,0.0,0.0,0.0,0.0,0.0,0.0,0.0,0.0
B*48:12,0.0,0.0,0.0,0.0,0.0,2e-05,0.0,0.0,0.0,0.0,0.0,0.0,0.0,5e-05,0.0,0.0
B*48:13,0.0,0.0,0.0,0.0,0.0,1e-05,0.0,0.0,0.0,0.0,0.0,0.0,0.0,5e-05,0.0,0.0
B*48:14,0.0,0.0,0.0,0.0,0.0,0.0,0.0,0.0,0.0,0.0,0.0,0.0,0.0,0.0,0.0,0.0
B*48:15,0.0,0.0,0.0,1e-05,0.0,0.0,0.0,0.0,0.0,0.0,0.0,0.0,0.0,0.0,0.0,0.0
B*48:16,0.0,0.0,0.0,0.0,0.0,0.0,0.0,0.0,0.0,0.0,0.0,0.0,0.0,0.0,0.0,0.0
B*48:24,0.0,0.0,0.0,0.0,0.0,0.0,0.0,0.0,0.0,0.0,0.0,0.0,0.0,0.0,2e-05,0.0
B*49:01,0.02794,0.03799,0.00614,0.01454,0.02632,0.02638,0.01583,0.00195,0.00049,0.00031,0.03774,0.02254,0.00059,0.02572,0.00608,0.0002
B*49:02,0.0,0.0,0.0,0.0,0.0,0.0,0.0,1e-05,0.0,0.0,1e-05,0.0,0.0,0.0,0.0,0.0
B*49:05,0.0,0.0,0.0,0.0,0.0,0.0,0.0,0.0,0.0,0.0,0.0,0.0,0.0,0.0,0.0,0.0
B*49:10,0.0,0.0,0.0,0.0,0.0,0.0,0.0,1e-05,0.0,0.0,0.0,0.0,0.0,0.0,0.0,0.0
B*50:01,0.00891,0.01171,0.01725,0.00792,0.00878,0.02068,0.01051,0.00125,0.00051,0.00141,0.02972,0.01327,0.00268,0.01498,0.01516,0.00211
B*50:02,0.00011,0.00018,1e-05,0.00035,0.0002,0.00173,0.00042,9e-05,8e-05,1e-05,0.00044,0.00244,1e-05,0.00197,0.0,0.0
B*50:04,0.0,0.0,7e-05,0.0,0.0,0.0,0.0,0.0,0.0,0.0,1e-05,0.0,0.0,0.0,7e-05,0.0
B*50:05,0.0,0.0,0.0,0.0,0.0,0.0,0.0,0.0,0.0,0.0,0.0,0.0,0.0,0.0,0.0,0.0
B*50:07,0.0,0.0,0.0,0.0,0.0,0.0,0.0,0.0,0.0,0.0,0.0,0.0,0.0,0.0,0.0,0.0
B*51:01,0.02168,0.02409,0.07471,0.06781,0.02262,0.0638,0.04732,0.03757,0.08904,0.09182,0.07808,0.05775,0.04575,0.06052,0.06697,0.02284
B*51:02,0.00079,0.00063,0.00016,0.00761,0.00048,0.00101,7e-05,0.00543,0.00255,0.00646,0.00018,0.00808,0.01215,0.00242,0.00333,0.01321
B*51:03,0.0,0.0,1e-05,0.0,0.0,0.0,0.0,0.0,0.0,0.0,1e-05,0.0,0.0,0.0,0.0,0.0
B*51:04,0.0,4e-05,1e-05,0.0,3e-05,3e-05,0.0,2e-05,0.0,0.0,1e-05,1e-05,0.0,0.00012,0.0,0.0
B*51:05,1e-05,9e-05,1e-05,4e-05,2e-05,2e-05,0.00025,0.0,2e-05,0.0,0.00188,5e-05,0.0,5e-05,0.0002,5e-05
B*51:06,2e-05,2e-05,0.00709,7e-05,0.00015,1e-05,2e-05,0.0192,4e-05,0.00019,0.00011,6e-05,0.00015,4e-05,0.00504,0.00124
B*51:07,7e-05,7e-05,0.00143,0.00028,8e-05,0.00055,0.00049,0.00024,0.00012,2e-05,0.00171,0.00062,0.00076,0.00086,0.0014,9e-05
B*51:08,0.00013,0.00123,0.00094,0.00071,0.0002,0.00388,0.00118,0.00014,2e-05,2e-05,0.00469,0.00096,0.00013,0.00183,0.00091,0.0
B*51:09,0.00073,0.00067,5e-05,0.00129,0.00077,0.00014,0.00051,6e-05,7e-05,6e-05,0.00033,0.00018,2e-05,0.00018,4e-05,0.0
B*51:10,1e-05,0.0,0.0,0.0,0.0,9e-05,0.0,0.0,0.0,0.0,0.0,1e-05,0.0,0.0004,0.0,0.0
B*51:100,0.0,0.0,0.0,0.0,0.0,0.0,0.0,0.0,0.0,0.0,0.0,0.0,0.0,0.0,0.0,0.0
B*51:101,0.0,0.0,0.0,0.0,0.0,0.0,0.0,0.0,0.0,0.0,0.0,0.0,0.0,0.0,0.0,0.0
B*51:102,0.0,0.0,0.0,0.0,0.0,0.0,0.0,0.0,0.0,0.0,0.0,0.0,0.0,0.0,0.0,0.0
B*51:103,0.0,0.0,0.0,0.0,0.0,0.0,0.0,0.0,0.0,0.0,0.0,0.0,0.0,0.0,0.0,0.0
B*51:104,0.0,0.0,0.0,0.0,0.0,0.0,0.0,0.0,0.0,0.0,0.0,0.0,0.0,0.0,0.0,0.0
B*51:105,0.0,0.0,0.0,0.0,0.0,0.0,0.0,0.0,0.0,0.0,0.0,0.0,0.0,0.0,0.0,0.0
B*51:106,0.0,0.0,0.0,0.0,0.0,0.0,0.0,0.0,0.0,0.0,0.0,0.0,0.0,0.0,0.0,0.0
B*51:107,0.0,0.0,0.0,0.0,0.0,0.0,0.0,0.0,0.0,0.0,0.0,0.0,0.0,0.0,0.0,0.0
B*51:108,0.0,0.0,0.0,0.0,0.0,0.0,0.0,0.0,0.0,0.0,0.0,0.0,0.0,0.0,0.0,0.0
B*51:109,0.0,0.0,0.0,0.0,0.0,0.0,0.0,0.0,0.0,0.0,0.0,0.0,0.0,0.0,0.0,0.0
B*51:13,0.0,0.0,0.0,1e-05,0.0,4e-05,0.0,0.0,0.0,0.0,1e-05,0.00011,0.0,0.00044,0.0,0.0
B*51:14,0.0,0.0,0.0,3e-05,0.0,0.0,0.0,0.0,0.0,0.0,0.0,0.00015,0.0,5e-05,0.0,0.0
B*51:15,0.0,0.0,0.0,0.0,0.0,0.0,0.0,3e-05,0.0,0.0,0.0,0.0,0.0,0.0,0.0,0.0
B*51:16,0.0,0.0,0.0,0.0,0.0,0.0,0.0,0.0,0.0,0.0,0.0,1e-05,0.0,0.0,0.0,0.0
B*51:17,0.0,0.0,2e-05,0.0,0.0,0.0,0.0,0.0,0.0,0.0,0.0,0.0,0.0,0.0,0.0,0.0
B*51:19,0.0,0.0,0.00016,0.0,2e-05,0.0,0.0,0.0,0.0,1e-05,3e-05,0.0,0.0,0.0,2e-05,0.0
B*51:20,0.0,0.0,0.0,0.0,0.0,0.0,0.0,0.0,0.0,0.0,2e-05,0.0,0.0,0.0,0.0,0.0
B*51:21,0.0,0.0,0.0,0.0,0.0,0.0,0.0,0.0,4e-05,0.0,1e-05,0.0,0.0,0.0,0.0,0.0
B*51:22,0.0,0.0,0.0,0.0,0.0,5e-05,1e-05,1e-05,0.0,0.0,0.0,2e-05,0.0,0.00043,0.0,0.0
B*51:23,0.0,0.0,0.0,0.0,0.0,0.0,0.0,0.0,0.0,0.0,0.0,2e-05,0.0,1e-05,0.0,0.0
B*51:24,0.0,0.0,0.0,0.0,0.0,0.0,0.0,0.0,0.0,0.0,0.0,0.0,0.0,0.0,0.0,0.0
B*51:29,0.0,0.0,0.0,0.0,0.0,0.0,0.0,0.0,0.0,0.0,6e-05,0.0,0.0,0.0,0.0,0.0
B*51:31,0.0,0.0,0.0,0.0,0.0,0.0,0.0,0.0,2e-05,0.0,0.0,1e-05,0.0,8e-05,0.0,0.0
B*51:33,0.0,0.0,0.0,0.0,0.0,0.0,0.0,0.0,0.0,0.0,1e-05,0.0,0.0,0.0,0.0,0.0
B*51:34,0.0,0.0,1e-05,0.0,0.0,0.0,1e-05,0.0,0.0,0.0,1e-05,0.0,0.0,0.0,0.0,0.0
B*51:36,0.0,0.0,0.0,0.0,0.0,0.0,0.0,0.0,0.0,0.0,0.0,0.0,2e-05,0.0,0.0,0.0
B*51:37,0.0,0.0,2e-05,0.0,0.0,0.0,0.0,1e-05,0.0,4e-05,0.0,0.0,0.0,0.0,4e-05,0.0
B*51:38,0.0,0.0,0.0,0.0,0.0,0.0,0.0,0.0,0.0,0.0,0.0,0.0,0.0,0.0,0.0,0.0
B*51:39,0.0,0.0,0.0,0.0,0.0,0.0,0.0,0.0,0.0,0.0,0.0,0.0,1e-05,0.0,0.0,0.0
B*51:40,0.0,0.0,0.0,0.0,0.0,0.0,0.0,2e-05,0.0,0.0,0.0,0.0,1e-05,0.0,0.0,0.0
B*51:41,0.0,0.0,0.0,0.0,0.0,0.0,0.0,0.0,0.0,0.0,0.0,0.0,0.0,0.0,0.0,0.0
B*51:42,0.0,0.0,0.0,0.0,0.0,0.0,0.0,0.0,0.0,0.0,0.0,0.0,0.0,0.0,0.0,0.0
B*51:43,0.0,0.0,0.0,0.0,0.0,0.0,1e-05,0.0,0.0,0.0,0.0,0.0,0.0,0.0,0.0,0.0
B*51:46,0.0,0.0,0.0,0.0,0.0,0.0,0.0,0.0,0.0,0.0,0.0,0.0,0.0,0.0,0.0,0.0
B*51:49,0.0,0.0,0.0,0.0,0.0,0.0,0.0,0.0,0.0,0.0,0.0,0.0,0.0,0.0,0.0,0.0
B*51:50,0.0,0.0,0.0,0.0,0.0,0.0,0.0,0.0,0.0,0.0,0.0,0.0,0.0,0.0,0.0,0.0
B*51:52,0.0,0.0,0.0,0.0,0.0,0.0,0.0,0.0,0.0,0.0,0.0,0.0,0.0,0.0,0.0,0.0
B*51:53,0.0,0.0,0.0,0.0,0.0,0.0,0.0,0.0,0.0,1e-05,0.0,0.0,0.0,0.0,0.0,0.0
B*51:54,0.0,0.0,0.0,0.0,0.0,0.0,0.0,0.0,0.0,0.0,1e-05,0.0,0.0,0.0,0.0,0.0
B*51:55,0.0,0.0,0.0,0.0,0.0,0.0,0.0,0.0,0.0,0.0,0.0,0.0,0.0,0.0,0.0,0.0
B*51:56,0.0,0.0,0.0,0.0,0.0,0.0,0.0,0.0,0.0,0.0,0.0,0.0,0.0,0.0,0.0,0.0
B*51:61,0.0,0.0,0.0,0.0,2e-05,0.0,0.0,0.0,0.0,0.0,0.0,0.0,0.0,0.0,0.0,0.0
B*51:64,2e-05,0.0,0.0,0.0,0.0,0.0,0.0,0.0,0.0,0.0,0.0,0.0,0.0,0.0,0.0,0.0
B*51:65,0.0,0.0,0.0,0.0,0.0,0.0,0.0,0.0,0.0,0.0,0.0,0.0,0.0,0.0,0.0,0.0
B*51:66,0.0,0.0,0.0,0.0,0.0,0.0,0.0,0.0,0.0,0.0,0.0,0.0,0.0,0.0,0.0,0.0
B*51:67,0.0,0.0,0.0,0.0,0.0,0.0,0.0,0.0,0.0,0.0,0.0,0.0,0.0,0.0,0.0,0.0
B*51:68,0.0,0.0,0.0,0.0,0.0,0.0,0.0,0.0,0.0,0.0,0.0,0.0,0.0,1e-05,0.0,0.0
B*51:69,0.0,0.0,0.0,0.0,0.0,0.0,0.0,0.0,0.0,0.0,1e-05,0.0,0.0,0.0,0.0,0.0
B*51:72,0.0,0.0,0.0,0.0,0.0,0.0,0.0,0.0,0.0,0.0,0.0,0.0,0.0,0.0,0.0,0.0
B*51:73,0.0,0.0,0.0,0.0,0.0,0.0,0.0,0.0,7e-05,2e-05,0.0,0.0,2e-05,0.0,3e-05,0.0
B*51:75,0.0,0.0,0.0,0.0,0.0,0.0,0.0,0.0,0.0,0.0,0.0,0.0,0.0,0.0,0.0,0.0
B*51:79,0.0,0.0,0.0,0.0,0.0,0.0,0.0,0.0,0.0,0.0,0.0,0.0,0.0,0.0,0.0,0.0
B*51:87,0.0,0.0,0.0,0.0,0.0,0.0,0.0,0.0,0.0,0.0,0.0,0.0,0.0,0.0,0.0,0.0
B*51:88,0.0,0.0,0.0,0.0,0.0,0.0,0.0,0.0,0.0,0.0,0.0,0.0,0.0,0.0,0.0,0.0
B*51:89,0.0,0.0,0.0,0.0,0.0,0.0,0.0,0.0,0.0,0.0,0.0,0.0,0.0,0.0,0.0,0.0
B*51:90,0.0,0.0,0.0,0.0,0.0,0.0,0.0,0.0,0.0,0.0,0.0,0.0,0.0,0.0,0.0,0.0
B*51:91,0.0,0.0,0.0,0.0,0.0,0.0,0.0,0.0,0.0,0.0,0.0,0.0,0.0,0.0,0.0,0.0
B*51:92,0.0,0.0,0.0,0.0,0.0,0.0,0.0,0.0,0.0,0.0,0.0,0.0,0.0,0.0,0.0,0.0
B*51:93,0.0,0.0,0.0,0.0,0.0,0.0,0.0,0.0,0.0,0.0,0.0,0.0,0.0,0.0,0.0,3e-05
B*51:95,0.0,0.0,0.0,0.0,0.0,0.0,0.0,0.0,0.0,0.0,0.0,0.0,0.0,0.0,0.0,0.0
B*52:01,0.0154,0.01718,0.07453,0.00656,0.02038,0.02128,0.00886,0.00571,0.09904,0.02524,0.03313,0.02602,0.0134,0.02053,0.05916,0.00864
B*52:02,0.0,0.0,0.0,0.0,0.0,1e-05,0.0,0.0,0.0,0.0,0.0,0.0,0.0,0.00015,0.0,0.0
B*52:03,0.0,0.0,0.0,0.0,0.0,0.0,0.0,0.0,2e-05,0.0,0.0,3e-05,0.0,2e-05,1e-05,0.0
B*52:04,0.0,0.0,0.00032,0.0,3e-05,0.0,0.0,0.0,0.0,0.0,0.0,0.0,0.0,0.0,0.00025,0.0
B*52:05,0.0,0.0,0.0,0.0,0.0,0.0,0.0,0.0,0.0,0.0,0.0,0.0,0.0,0.0,0.0,0.0
B*52:06,0.0,2e-05,0.0,0.0,0.0,0.0,0.0,0.0,0.0,0.0,0.0,0.0,0.0,0.0,0.0,0.0
B*52:10,0.0,0.0,1e-05,0.0,0.0,0.0,0.0,0.0,0.0,0.0,0.0,1e-05,0.0,1e-05,1e-05,0.0
B*52:11,0.0,0.0,1e-05,0.0,0.0,0.0,0.0,0.0,0.0,1e-05,0.0,0.0,0.0,0.0,2e-05,0.0
B*52:12,0.0,0.0,0.0,0.0,0.0,0.0,0.0,0.0,0.0,0.0,0.0,0.0,1e-05,0.0,0.0,0.0
B*52:16,0.0,0.0,0.0,0.0,0.0,0.0,0.0,0.0,0.0,0.0,0.0,0.0,0.0,0.0,0.0,0.0
B*52:20,0.0,0.0,0.0,0.0,0.0,0.0,0.0,0.0,2e-05,0.0,0.0,0.0,0.0,0.0,0.0,0.0
B*53:01,0.11782,0.1213,0.00126,0.00732,0.12813,0.02875,0.00339,0.00083,0.00033,0.00013,0.01205,0.01235,0.0003,0.01953,0.00141,0.00021
B*53:02,0.0,4e-05,0.0,1e-05,0.0,0.0,0.0,0.0,0.0,0.0,0.0,0.0,0.0,0.0,0.0,0.0
B*53:03,0.0,0.0,0.0,0.0,0.0,0.0,0.0,0.0,0.0,0.0,0.0,0.0,0.0,0.0,0.0,0.0
B*53:04,0.0,0.0,2e-05,0.0,0.0,0.0,0.0,0.0,0.0,0.0,1e-05,0.0,0.0,0.0,1e-05,0.0
B*53:05,1e-05,0.0,0.0,1e-05,3e-05,0.0,1e-05,0.0,0.0,0.0,8e-05,0.0,0.0,1e-05,4e-05,0.0
B*53:06,0.0,0.0,0.0,0.0,0.0,0.0,0.0,0.0,0.0,0.0,0.0,0.0,0.0,0.0,0.0,0.0
B*53:07,0.0,0.0,0.0,0.0,0.0,0.0,0.0,0.0,0.0,0.0,0.0,0.0,0.0,0.0,1e-05,0.0
B*53:08,0.0,4e-05,0.0,0.0,0.0,0.0,0.0,0.0,0.0,0.0,0.0,0.0,0.0,0.0,0.0,0.0
B*53:09,0.0,0.0,6e-05,0.0,0.0,0.0,0.0,0.0,0.0,0.0,0.0,0.0,0.0,0.0,0.0,0.0
B*53:10,0.0,0.0,0.0,0.0,0.0,0.0,0.0,0.0,0.0,0.0,1e-05,0.0,0.0,0.0,0.0,0.0
B*53:12,0.0,0.0,0.0,0.0,0.0,0.0,0.0,0.0,0.0,0.0,0.0,0.0,0.0,0.0,0.0,0.0
B*53:13,0.0,0.0,0.0,0.0,0.0,0.0,0.0,0.0,0.0,0.0,0.0,0.0,0.0,0.0,0.0,0.0
B*53:14,0.0,0.0,0.0,0.0,0.0,0.0,0.0,0.0,0.0,0.0,0.0,0.0,0.0,0.0,0.0,0.0
B*53:15,1e-05,0.0,0.0,0.0,0.0,0.0,0.0,0.0,0.0,0.0,0.0,0.0,0.0,0.0,0.0,0.0
B*53:16,0.0,0.0,0.0,0.0,0.0,0.0,0.0,0.0,0.0,0.0,1e-05,0.0,0.0,0.0,0.0,0.0
B*53:19,0.0,2e-05,0.0,0.0,0.0,0.0,0.0,0.0,0.0,0.0,0.0,0.0,0.0,0.0,0.0,0.0
B*53:20,0.0,2e-05,0.0,0.0,0.0,0.0,0.0,0.0,0.0,0.0,0.0,0.0,0.0,0.0,0.0,0.0
B*53:21,0.0,2e-05,0.0,0.0,0.0,0.0,0.0,0.0,0.0,0.0,0.0,0.0,0.0,0.0,0.0,0.0
B*53:22,0.0,0.0,0.0,0.0,2e-05,0.0,0.0,0.0,0.0,0.0,0.0,0.0,0.0,0.0,0.0,0.0
B*53:24,0.0,0.0,0.0,0.0,0.0,0.0,0.0,0.0,0.0,0.0,1e-05,0.0,0.0,0.0,0.0,0.0
B*54:01,3e-05,0.0,0.00027,0.0,0.00011,3e-05,4e-05,0.00526,0.07461,0.05723,0.00028,6e-05,0.03044,9e-05,0.00381,0.02441
B*54:02,0.0,0.0,0.0,0.0,0.0,0.0,0.0,0.0,0.0,0.0,0.0,0.0,0.0,0.0,0.0,0.0
B*54:03,0.0,0.0,0.0,0.0,0.0,0.0,0.0,0.0,0.0,0.0,0.0,0.0,1e-05,0.0,0.0,0.0
B*54:04,0.0,0.0,0.0,0.0,0.0,0.0,0.0,0.0,0.0,0.0,0.0,0.0,0.0,0.0,0.0,0.0
B*54:05,0.0,0.0,0.0,0.0,0.0,0.0,0.0,0.0,0.0,0.0,0.0,0.0,0.0,0.0,0.0,0.0
B*54:07,0.0,0.0,0.0,0.0,0.0,0.0,0.0,0.0,0.0,0.0,0.0,0.0,0.0,0.0,0.0,1e-05
B*54:10,0.0,0.0,0.0,0.0,0.0,0.0,0.0,0.0,0.0,0.0,0.0,0.0,0.0,0.0,0.0,0.0
B*54:11,0.0,0.0,0.0,0.0,0.0,0.0,0.0,0.0,0.0,0.0,0.0,0.0,0.0,0.0,0.0,0.0
B*54:12,0.0,0.0,0.0,0.0,0.0,0.0,0.0,0.0,0.0,0.0,0.0,0.0,1e-05,0.0,0.0,0.0
B*54:13,0.0,0.0,0.0,0.0,0.0,0.0,0.0,0.0,0.0,0.0,0.0,0.0,0.0,0.0,0.0,0.0
B*54:18,0.0,0.0,0.0,0.0,0.0,0.0,0.0,0.0,0.0,0.0,0.0,0.0,0.0,0.0,0.0,0.0
B*54:19,0.0,0.0,0.0,0.0,0.0,0.0,0.0,0.0,0.0,0.0,0.0,0.0,0.0,0.0,0.0,0.0
B*54:20,0.0,0.0,0.0,0.0,0.0,0.0,0.0,0.0,2e-05,1e-05,0.0,0.0,0.0,0.0,0.0,0.0
B*54:22,0.0,0.0,0.0,0.0,0.0,0.0,0.0,0.0,0.0,0.0,0.0,0.0,0.0,0.0,0.0,0.0
B*54:23,0.0,0.0,0.0,0.0,0.0,0.0,0.0,0.0,0.0,0.0,0.0,0.0,0.0,0.0,0.0,0.0
B*54:24,0.0,0.0,0.0,0.0,0.0,0.0,0.0,0.0,0.0,0.0,0.0,0.0,0.0,0.0,0.0,0.0
B*55:01,0.00399,0.00277,0.02031,0.01431,0.00402,0.00872,0.01856,0.0011,0.00104,0.00074,0.02189,0.00903,0.00076,0.00906,0.01546,0.0008
B*55:02,7e-05,7e-05,0.00049,4e-05,9e-05,5e-05,3e-05,0.00904,0.02722,0.0164,5e-05,9e-05,0.0276,9e-05,0.00764,0.01899
B*55:03,0.0,0.0,2e-05,0.0,0.0,0.0,0.0,0.0,0.0,0.0,0.0,0.0,0.0,0.0,0.0,0.0
B*55:04,0.0,0.0,0.0,1e-05,0.0,0.0,0.0,0.00021,0.00094,0.00087,0.0,0.0,0.00053,0.0,0.00013,0.00047
B*55:05,0.0,0.0,0.0,0.0,0.0,0.0,0.0,0.0,0.0,0.0,0.0,0.0,0.0,0.0,0.0,0.0
B*55:07,0.0,0.0,0.0,0.0,0.0,0.0,0.0,3e-05,0.00022,0.00041,0.0,0.0,0.00019,0.0,4e-05,0.0
B*55:09,0.0,0.0,0.0,0.0,0.0,0.0,0.0,0.0,0.0,0.0,0.0,0.0,0.0,0.0,0.0,0.0
B*55:10,0.0,0.0,0.0,0.0,0.0,0.0,0.0,0.0,4e-05,0.0,0.0,0.0,0.0,0.0,0.0,0.0
B*55:11,0.0,0.0,0.0,0.0,0.0,0.0,0.0,0.0,0.0,0.0,0.0,0.0,0.0,0.0,0.0,0.0
B*55:12,0.0,0.0,0.0,0.0,0.0,0.0,0.0,7e-05,0.0,0.0,0.0,0.0,0.00013,0.0,4e-05,1e-05
B*55:13,0.0,0.0,0.0,0.0,0.0,0.0,0.0,0.0,0.0,1e-05,0.0,0.0,0.0,0.0,0.0,0.0
B*55:17,0.0,0.0,0.0,0.0,0.0,0.0,0.0,0.0,0.0,0.0,0.0,0.0,0.0,0.0,0.0,0.0
B*55:21,0.0,0.0,0.0,0.0,0.0,0.0,0.0,0.0,0.0,0.0,0.0,0.0,1e-05,0.0,0.0,0.0
B*55:23,0.0,0.0,0.0,0.0,0.0,0.0,0.0,0.00013,0.0,0.0,0.0,0.0,0.0,0.0,0.0,0.0
B*55:24,0.0,0.0,0.0,0.0,0.0,0.0,0.0,0.0,0.0,0.0,0.0,0.0,0.0,0.0,0.0,0.0
B*55:25,0.0,0.0,0.0,0.0,0.0,0.0,0.0,0.0,0.0,0.0,0.0,0.0,0.0,0.0,0.0,0.0
B*55:28,0.0,0.0,0.0,0.0,0.0,0.0,0.0,0.0,0.0,0.0,0.0,0.0,0.0,0.0,0.0,0.0
B*55:29,0.0,0.0,0.0,0.0,0.0,0.0,0.0,0.0,0.0,0.0,0.0,0.0,0.0,0.0,0.0,0.0
B*55:31,0.0,0.0,0.0,0.0,0.0,0.0,0.0,0.0,0.0,0.0,0.0,0.0,0.0,0.0,2e-05,0.0
B*55:34,0.0,0.0,0.0,0.0,0.0,0.0,0.0,0.0,0.0,0.0,0.0,0.0,1e-05,0.0,0.0,0.0
B*55:35,0.0,0.0,0.0,0.0,0.0,0.0,0.0,0.0,0.0,0.0,0.0,0.0,0.0,0.0,0.0,0.0
B*55:41,0.0,0.0,0.0,0.0,0.0,0.0,0.0,0.0,0.0,0.0,0.0,0.0,0.0,0.0,0.0,1e-05
B*55:49,0.0,0.0,0.0,1e-05,0.0,0.0,0.0,0.0,0.0,0.0,0.0,0.0,0.0,0.0,0.0,0.0
B*56:01,0.00234,0.00184,0.00608,0.00436,0.00222,0.00731,0.00643,0.00335,0.00927,0.00422,0.00359,0.0041,0.00609,0.00344,0.00633,0.00682
B*56:02,0.0,5e-05,0.0,0.0,0.0,0.0,0.0,0.0,0.0,0.0,1e-05,0.0,1e-05,2e-05,2e-05,1e-05
B*56:03,0.0,0.0,2e-05,0.0,0.0,0.0,0.0,0.00075,0.00141,3e-05,0.0,0.0,0.00182,0.0,0.00021,0.00045
B*56:04,1e-05,0.0,9e-05,0.0,0.0,0.0,0.0,0.00465,4e-05,8e-05,1e-05,1e-05,0.00145,0.0,0.00161,0.01123
B*56:05,0.0,0.0,0.0,0.0,0.0,0.0,0.0,0.0,6e-05,0.00028,0.0,0.0,1e-05,0.0,0.0,0.0
B*56:06,0.0,0.0,0.0,0.0,0.0,0.0,0.0,1e-05,0.0,0.0,0.0,0.0,0.0,0.0,0.0,0.0
B*56:07,0.0,0.0,0.0,0.0,0.0,0.0,0.0,0.0001,0.0,0.0,0.0,0.0,0.0,0.0,0.0,0.0
B*56:09,0.0,0.0,0.0,0.0,0.0,0.0,0.0,0.0,0.0,0.0,0.0,0.0,0.0,0.0,0.0,0.0
B*56:10,0.0,0.0,1e-05,0.0,0.0,0.0,0.0,2e-05,0.0,0.0,0.0,0.0,0.00014,0.0,7e-05,6e-05
B*56:11,0.0,0.0,0.0,0.0,0.0,0.0,0.0,0.0,0.0,0.0,1e-05,0.0,0.0,0.0,5e-05,0.0
B*56:13,0.0,0.0,0.0,0.0,0.0,0.0,0.0,0.0,0.0,0.0,0.0,0.0,0.0,0.0,0.0,0.0
B*56:14,0.0,0.0,0.0,0.0,0.0,0.0,0.0,0.0,0.0,0.0,0.0,0.0,2e-05,0.0,0.0,0.0
B*56:15,0.0,0.0,0.0,0.0,0.0,0.0,0.0,0.0,0.0,0.0,2e-05,1e-05,0.0,1e-05,2e-05,0.0
B*56:16,0.0,0.0,0.0,0.0,0.0,0.0,0.0,0.0,0.0,0.0,0.0,0.0,0.0,0.0,0.0,0.0
B*56:17,0.0,0.0,0.0,0.0,0.0,0.0,0.0,0.0,0.0,0.0,0.0,0.0,0.0,0.0,0.0,0.0
B*56:21,0.0,0.0,0.0,0.0,0.0,0.0,0.0,0.0,0.0,0.0,0.0,0.0,1e-05,0.0,0.0,0.0
B*56:22,0.0,0.0,3e-05,0.0,0.0,0.0,0.0,0.0,0.0,0.0,0.0,0.0,0.0,0.0,0.0,0.0
B*56:23,0.0,0.0,0.0,0.0,0.0,0.0,0.0,0.0,0.0,0.0,0.0,0.0,1e-05,0.0,0.0,0.0
B*56:26,0.0,0.0,0.0,0.0,0.0,0.0,0.0,0.0,0.0,0.0,0.0,0.0,0.0,0.0,0.0,0.0
B*57:01,0.00711,0.00576,0.06759,0.02683,0.00666,0.01526,0.03645,0.00391,0.00132,0.00415,0.0219,0.01266,0.00511,0.01516,0.04794,0.02569
B*57:02,0.00383,0.00614,2e-05,0.00015,0.00427,0.00116,0.00029,1e-05,2e-05,1e-05,0.0008,0.00045,2e-05,0.00067,0.00021,0.0
B*57:03,0.03185,0.03591,0.00019,0.00099,0.03621,0.02575,0.0007,5e-05,2e-05,1e-05,0.0023,0.00342,7e-05,0.0062,0.00036,1e-05
B*57:04,0.00188,0.00192,0.0,4e-05,0.00241,0.00024,0.0,0.0,0.0,0.0,1e-05,1e-05,0.0,9e-05,2e-05,0.0
B*57:05,3e-05,2e-05,0.0,0.0,5e-05,0.0,0.0,0.0,0.0,0.0,0.0,0.0,0.0,0.0,0.0,0.0
B*57:06,0.0,0.0,0.0,0.0,0.0,0.0,0.0,1e-05,0.0,0.0,0.0,0.0,0.0,0.0,0.0,0.0
B*57:07,0.0,0.0,0.0,0.0,0.0,0.0,0.0,0.0,0.0,0.0,0.0,0.0,0.0,0.0,0.0,0.0
B*57:08,0.0,0.0,0.0,0.0,0.0,0.0,0.0,0.0,0.0,0.0,0.0,0.0,0.0,0.0,0.0,0.0
B*57:09,2e-05,0.0,0.0,0.0,5e-05,0.0,0.0,0.0,0.0,0.0,0.0,0.0,0.0,0.0,0.0,0.0
B*57:11,0.0,0.0,0.0,0.0,0.0,0.0,0.0,0.0,0.0,0.0,0.0,0.0,0.0,0.0,0.0,0.0
B*57:12,0.0,0.0,0.0,0.0,3e-05,0.0,0.0,0.0,0.0,0.0,0.0,0.0,0.0,0.0,0.0,0.0
B*57:14,0.0,0.0,0.0,0.0,0.0,0.0,0.0,0.0,0.0,0.0,0.0,0.0,0.0,0.0,0.0,0.0
B*57:15,0.0,0.0,0.0,0.0,0.0,0.0,0.0,0.0,0.0,0.0,0.0,0.0,0.0,0.0,0.0,0.0
B*57:16,0.0,0.0,0.0,0.0,0.0,0.0,0.0,0.0,0.0,0.0,0.0,0.0,0.0,0.0,0.0,0.0
B*57:17,0.0,0.0,0.0,0.0,0.0,0.0,0.0,0.0,0.0,0.0,0.0,0.0,0.0,0.0,0.0,1e-05
B*57:22,0.0,0.0,0.0,0.0,0.0,0.0,0.0,0.0,0.0,0.0,1e-05,0.0,0.0,0.0,0.0,0.0
B*57:24,0.0,0.0,0.0,0.0,0.0,0.0,0.0,0.0,0.0,0.0,0.0,0.0,0.0,0.0,0.0,0.0
B*57:25,0.0,0.0,0.0,0.0,0.0,0.0,0.0,0.0,0.0,0.0,0.0,0.0,0.0,0.0,0.0,0.0
B*57:26,0.0,0.0,0.0,0.0,0.0,0.0,0.0,0.0,0.0,0.0,0.0,0.0,0.0,0.0,0.0,0.0
B*57:28,0.0,0.0,0.0,0.0,0.0,0.0,0.0,0.0,3e-05,0.0,0.0,0.0,0.0,0.0,0.0,0.0
B*57:30,0.0,0.0,0.0,0.0,0.0,0.0,0.0,0.0,0.0,0.0,0.0,0.0,0.0,0.0,0.0,0.0
B*57:34,0.0,0.0,0.0,0.0,0.0,0.0,0.0,0.0,0.0,0.0,0.0,0.0,0.0,0.0,0.0,0.0
B*57:40,0.0,0.0,0.0,0.0,0.0,0.0,0.0,0.0,0.0,0.0,0.0,0.0,0.0,0.0,0.0,0.0
B*58:01,0.03782,0.04247,0.04195,0.00699,0.04052,0.02335,0.00726,0.04039,0.00763,0.06027,0.0173,0.00901,0.08737,0.01422,0.04778,0.06915
B*58:02,0.04221,0.0376,6e-05,0.00178,0.03163,0.00701,0.00015,8e-05,0.0,1e-05,0.00022,0.00244,4e-05,0.0037,0.00014,7e-05
B*58:04,1e-05,0.0,0.0,0.0,0.0,0.0,0.0,0.0,0.0,4e-05,0.0,0.0,2e-05,0.0,0.0,0.0
B*58:05,0.0,0.0,0.0,0.0,0.0,0.0,0.0,0.0,0.0,0.0,1e-05,0.0,0.0,0.0,0.0,0.0
B*58:06,2e-05,2e-05,0.0,0.0,0.0,0.0,0.0,0.0,0.0,0.0,0.0,0.0,0.0,0.0,0.0,0.0
B*58:07,0.0,0.0,0.0,0.0,0.0,0.0,0.0,0.0,0.0,0.0,0.0,0.0,0.0,0.0,0.0,0.0
B*58:08,0.0,0.0,0.0,0.0,0.0,0.0,0.0,0.0,0.0,0.0,0.0,0.0,0.0,0.0,0.0,0.0
B*58:09,0.0,0.0,0.0,0.0,0.0,0.0,0.0,0.0,0.0,0.0,0.0,0.0,0.0,0.0,0.0,0.0
B*58:14,0.0,0.0,0.0,0.0,0.0,0.0,0.0,0.0,0.0,0.0,0.0,0.0,0.0,0.0,0.0,0.0
B*58:16,0.0,0.0,0.0,0.0,0.0,0.0,0.0,0.0,0.0,1e-05,0.0,0.0,0.0,0.0,0.0,0.0
B*58:18,0.0,0.0,1e-05,0.0,0.0,0.0,0.0,0.0,0.0,0.0,0.0,0.0,0.0,0.0,0.0,0.0
B*58:19,0.0,0.0,1e-05,0.0,0.0,0.0,0.0,0.0,2e-05,0.0,1e-05,0.0,0.0,0.0,2e-05,0.0
B*58:21,0.0,0.0,0.0,0.0,0.0,0.0,0.0,0.0,0.0,0.0,0.0,0.0,0.0,0.0,0.0,0.0
B*58:25,0.0,0.0,0.0,0.0,0.0,0.0,0.0,0.0,0.0,1e-05,0.0,0.0,0.0,0.0,0.0,0.0
B*58:27,0.0,0.0,0.0,0.0,0.0,0.0,0.0,0.0,0.0,0.0,0.0,0.0,1e-05,0.0,0.0,0.0
B*58:29,0.0,1e-05,0.0,0.0,0.0,0.0,0.0,0.0,0.0,0.0,0.0,0.0,0.0,0.0,0.0,0.0
B*58:32,0.0,3e-05,0.0,0.0,0.0,0.0,0.0,0.0,0.0,0.0,0.0,0.0,0.0,0.0,0.0,0.0
B*58:33,0.0,0.0,0.0,0.0,0.0,0.0,0.0,0.0,0.0,0.0,0.0,0.0,0.0,0.0,0.0,0.0
B*59:01,1e-05,0.0,2e-05,4e-05,1e-05,0.0,0.0,6e-05,0.02241,0.01672,0.0,0.0,0.0006,0.0,7e-05,0.0
B*59:02,0.0,0.0,0.0,0.0,1e-05,0.0,0.0,0.0,0.0,0.0,0.0,0.0,0.0,0.0,0.0,0.0
B*67:01,0.00014,0.00011,4e-05,0.00011,0.00015,0.00012,7e-05,0.00065,0.00909,0.01007,2e-05,9e-05,0.00406,0.00012,0.00014,0.00022
B*67:02,0.0,4e-05,0.0,0.0,2e-05,0.0,0.0,0.0,0.0,0.0,0.0,0.0,0.0,0.0,0.0,0.0
B*73:01,0.00015,0.00109,0.0002,8e-05,0.00024,0.00089,0.0004,0.00022,0.0,2e-05,0.00284,0.00062,7e-05,0.00071,0.00048,0.00063
B*78:01,0.0099,0.0079,4e-05,0.00049,0.00695,0.00363,2e-05,0.0,6e-05,2e-05,0.00019,0.00086,3e-05,0.00112,2e-05,0.0
B*78:02,3e-05,0.0,1e-05,0.0,0.0,4e-05,4e-05,0.00014,0.0,1e-05,1e-05,1e-05,0.0,3e-05,0.0,5e-05
B*78:03,0.0,0.0,0.0,0.0,0.0,0.0,0.0,0.0,0.0,0.0,0.0,0.0,0.0,0.0,0.0,0.0
B*78:04,0.0,0.0,0.0,3e-05,0.0,0.0,0.0,0.0,0.0,0.0,0.0,0.00011,0.0,6e-05,0.0,0.0
B*78:05,0.0,0.0,0.0,0.0,0.0,0.0,0.0,0.0,0.0,0.0,0.0,0.0,0.0,0.0,0.0,0.0
B*78:06,0.0,2e-05,0.0,0.0,0.0,0.0,0.0,0.0,0.0,0.0,0.0,0.0,0.0,0.0,0.0,0.0
B*81:01,0.01985,0.01776,5e-05,0.00049,0.01821,0.00296,8e-05,0.00085,8e-05,0.00012,0.00012,0.00126,0.00114,0.00229,0.00023,0.00015
B*82:01,0.00283,0.00285,1e-05,1e-05,0.0022,0.00044,0.0,0.0,0.0,0.0,1e-05,0.0003,0.0,0.00025,0.0,0.0
B*82:02,0.00031,0.00023,0.0,7e-05,0.00019,1e-05,0.0,0.0,0.0,0.0,4e-05,0.0,0.0,2e-05,4e-05,0.0
B*83:01,0.0,0.0,0.0,0.0,0.0,0.0,0.0,0.0,0.0,0.0,1e-05,0.0,0.0,0.0,0.0,0.0
